Player,Nation,Pos,Team,Age,Standard_Min,Standard_Gls,Standard_Ast,Standard_CrdY,Standard_CrdR,Standard_xG,Standard_xAG,Standard_PrgC,Standard_PrgP,Standard_PrgR,Standard_Gls/90,Standard_Ast/90,Standard_xG/90,Standard_xAG/90,Shooting_SoT%,Shooting_SoT/90,Shooting_G/Sh,Shooting_Dist,Passing_Cmp,Passing_Total_Cmp%,Passing_TotDist,Passing_Short_Cmp%,Passing_Medium_Cmp%,Passing_Long_Cmp%,Passing_KP,Passing_1/3,Passing_PPA,Passing_CrsPA,Goalkeeping_GA90,Goalkeeping_Save%,Goalkeeping_CS%,Goalkeeping_Penalty_Save%,Defense_Tkl,Defense_TklW,Defense_Att,Defense_Lost,Defense_Blocks,Defense_Sh,Defense_Pass,Defense_Int,Possession_Touches,Possession_Def Pen,Possession_Def 3rd,Possession_Mid 3rd,Possession_Att 3rd,Possession_Att Pen,Possession_Succ%,Possession_Tkld%,Possession_Carries,Possession_PrgDist,Possession_1/3,Possession_CPA,Possession_Mis,Possession_Dis,Possession_Rec,Misc_Fls,Misc_Fld,Misc_Off,Misc_Crs,Misc_Recov,Misc_Won,Misc_Lost,Misc_Won%,TransferValue
Tyler Adams,us USA,MF,Bournemouth,26,1620,0,3,7,0,1.6,0.9,12,61,9,0.0,0.17,0.09,0.05,,0.11,0.0,16.1,702,82.9,10949,,,,15,53,2,1,,,,,75,46,,28,33,10,23,31,1091,52,291,623,189,17,,,513,,17,1,27,12,583,41,,0,3,96,29,17,63.0,
Tosin Adarabioyo,eng ENG,DF,Chelsea,27,1229,1,1,3,0,0.9,0.2,5,37,1,0.07,0.07,0.07,0.02,,0.15,0.08,12.5,988,91.4,18105,,,,1,53,1,0,,,,,14,10,,4,9,7,2,10,1198,160,570,603,26,13,,,713,,2,0,3,0,916,8,,1,0,34,36,26,58.1,
Emmanuel Agbadou,ci CIV,DF,Wolves,27,1140,0,0,2,0,0.3,0.2,3,22,1,0.0,0.0,0.02,0.02,,0.08,0.0,31.8,663,85.0,13505,,,,4,26,1,0,,,,,27,18,,6,16,12,4,9,924,155,527,381,22,5,,,572,,3,0,3,3,615,5,,1,1,66,22,16,57.9,
Ola Aina,ng NGA,DF,Nott'ham Forest,28,2643,2,1,2,0,0.6,0.9,56,95,55,0.07,0.03,0.02,0.03,,0.07,0.22,24.8,868,73.3,13423,,,,13,78,18,8,,,,,54,41,,27,32,12,20,31,1509,143,554,628,354,21,,,657,,37,10,40,22,719,21,,2,46,166,12,18,40.0,
Rayan Aït-Nouri,dz ALG,DF,Wolves,23,2865,4,7,7,1,2.6,4.7,79,100,158,0.13,0.22,0.08,0.15,,0.25,0.12,14.9,1309,83.9,18002,,,,36,67,27,9,,,,,82,52,,26,40,6,34,24,1944,86,535,827,605,84,,,1006,,54,24,43,44,1181,30,,5,86,133,20,28,41.7,
Kristoffer Ajer,no NOR,DF,Brentford,27,1395,0,0,5,0,0.8,1.2,27,52,42,0.0,0.0,0.05,0.08,,0.19,0.0,10.2,483,78.2,7530,,,,8,41,7,4,,,,,25,17,,12,17,4,13,12,765,52,257,356,158,35,,,376,,11,2,15,12,477,12,,1,14,42,27,22,55.1,
Manuel Akanji,ch SUI,DF,Manchester City,29,1744,0,0,3,0,0.7,0.4,38,138,6,0.0,0.0,0.04,0.02,,0.05,0.0,16.3,1427,93.9,23477,,,,9,153,11,2,,,,,16,11,,5,11,8,3,7,1635,111,487,797,353,11,,,1071,,52,0,4,5,1291,16,,0,11,89,26,29,47.3,
Trent Alexander-Arnold,eng ENG,DF,Liverpool,26,2240,3,6,5,0,1.8,6.7,49,211,87,0.12,0.24,0.07,0.27,,0.32,0.07,23.5,1357,73.6,26053,,,,50,192,62,20,,,,,70,49,,53,25,8,17,30,2111,85,565,942,618,42,,,1109,,35,8,19,15,1342,11,,1,142,126,3,13,18.8,
Alisson,br BRA,GK,Liverpool,32,2148,0,0,0,0,0.0,0.6,0,0,0,0.0,0.0,0.0,0.02,,0.0,,,630,83.1,13996,,,,1,10,0,0,,,,,1,0,,1,0,0,0,0,801,577,786,15,0,0,,,509,,0,0,1,0,485,0,,0,0,41,6,0,100.0,
Edson Álvarez,mx MEX,MF,West Ham,27,1633,0,1,8,1,0.3,0.8,21,75,18,0.0,0.06,0.02,0.04,,0.06,0.0,26.7,763,85.7,12894,,,,11,80,11,3,,,,,44,23,,18,21,8,13,16,1101,61,323,612,174,12,,,603,,20,2,25,13,734,37,,4,6,78,28,20,58.3,
Joachim Andersen,dk DEN,DF,Fulham,28,2223,0,0,5,1,0.9,0.3,13,103,2,0.0,0.0,0.04,0.01,,0.16,0.0,15.7,1441,82.9,31915,,,,3,169,6,3,,,,,24,17,,7,31,25,6,30,2023,285,1061,885,89,19,,,1179,,12,1,5,3,1398,15,,0,10,104,62,35,63.9,
Elliot Anderson,eng ENG,MF,Nott'ham Forest,22,2377,2,6,7,0,1.7,3.1,44,118,82,0.08,0.23,0.06,0.12,,0.27,0.06,19.8,895,77.8,14190,,,,34,93,18,2,,,,,79,50,,52,41,8,33,28,1529,88,362,718,477,59,,,774,,29,18,54,38,900,40,,4,73,186,43,22,66.2,
André,br BRA,MF,Wolves,23,2249,0,0,7,0,0.4,0.7,8,95,11,0.0,0.0,0.02,0.03,,0.04,0.0,25.3,1111,92.8,17503,,,,15,101,4,0,,,,,80,48,,25,41,8,33,32,1451,83,395,939,132,3,,,795,,14,0,27,17,973,34,,0,0,176,2,6,25.0,
Cameron Archer,eng ENG,FW,Southampton,23,1361,2,0,0,0,5.1,0.4,19,14,62,0.13,0.0,0.34,0.02,,0.6,0.07,13.1,189,81.1,2474,,,,3,6,7,0,,,,,11,7,,7,5,1,4,2,360,16,59,161,143,49,,,207,,9,14,33,24,253,16,,7,3,34,8,27,22.9,
Alphonse Areola,fr FRA,GK,West Ham,32,1990,0,0,0,0,0.0,0.0,0,0,0,0.0,0.0,0.0,0.0,,0.0,,,615,70.4,16400,,,,0,9,0,0,,,,,2,2,,1,0,0,0,0,927,740,918,10,0,0,,,530,,0,0,0,0,481,0,,0,0,27,2,0,100.0,
Joe Aribo,ng NGA,"MF,DF",Southampton,28,1909,3,0,1,0,2.7,1.6,35,71,64,0.14,0.0,0.13,0.07,,0.33,0.18,14.0,878,88.5,13041,,,,16,50,4,1,,,,,44,30,,17,24,9,15,20,1203,46,288,632,294,44,,,708,,28,12,25,16,879,20,,1,10,110,25,21,54.3,
Adam Armstrong,eng ENG,"FW,MF",Southampton,28,1248,2,2,4,0,3.3,1.2,25,21,79,0.14,0.14,0.24,0.09,,0.5,0.08,16.6,231,80.2,3320,,,,9,10,8,2,,,,,12,3,,11,6,1,5,3,377,11,44,143,192,49,,,235,,13,6,11,18,286,12,,9,14,23,5,9,35.7,
Kepa Arrizabalaga,es ESP,GK,Bournemouth,30,2430,0,0,3,0,0.1,0.0,0,2,0,0.0,0.0,0.0,0.0,,0.0,0.0,9.7,636,71.5,17590,,,,1,9,0,0,,,,,1,0,,1,1,0,1,0,945,695,918,26,1,1,,,534,,0,0,0,0,413,2,,0,0,48,7,1,87.5,
Yasin Ayari,se SWE,MF,Brighton,21,1737,1,1,3,0,2.2,2.2,30,66,59,0.05,0.05,0.12,0.11,,0.36,0.04,19.0,707,81.4,10616,,,,28,51,17,4,,,,,53,29,,30,22,6,16,20,1103,52,243,560,316,43,,,581,,25,6,32,21,712,31,,3,64,105,13,19,40.6,
Jordan Ayew,gh GHA,"FW,MF",Leicester City,33,1356,4,0,5,0,2.9,0.8,42,33,75,0.27,0.0,0.19,0.06,,0.46,0.12,18.4,334,72.5,4951,,,,13,21,12,7,,,,,24,13,,13,15,0,15,12,677,18,91,341,267,49,,,410,,30,9,51,32,454,28,,5,52,84,33,54,37.9,
Leon Bailey,jm JAM,"FW,MF",Aston Villa,27,1138,1,2,3,0,1.7,1.5,57,35,121,0.08,0.16,0.14,0.12,,0.47,0.04,17.3,273,70.7,4275,,,,16,16,20,2,,,,,6,4,,8,6,0,6,3,539,18,76,155,318,69,,,344,,22,33,35,25,386,12,,3,34,59,6,9,40.0,
Carlos Baleba,cm CMR,MF,Brighton,21,2313,3,1,8,1,3.0,1.3,40,111,26,0.12,0.04,0.12,0.05,,0.43,0.08,25.1,1018,87.7,17164,,,,20,103,22,2,,,,,71,41,,28,43,10,33,40,1506,84,361,891,293,11,,,857,,40,3,36,35,913,38,,0,8,172,38,23,62.3,
Harvey Barnes,eng ENG,FW,Newcastle Utd,27,1413,9,4,0,0,6.3,3.7,74,69,159,0.57,0.25,0.4,0.24,,1.02,0.17,14.7,402,79.3,5599,,,,21,21,34,8,,,,,16,9,,4,7,1,6,6,676,15,82,225,374,102,,,471,,38,41,24,18,538,10,,4,37,46,5,14,26.3,
Calvin Bassey,ng NGA,DF,Fulham,25,2804,1,0,6,0,1.0,0.1,35,104,13,0.03,0.0,0.03,0.0,,0.13,0.07,15.3,1759,89.6,30963,,,,2,135,2,0,,,,,51,32,,8,37,17,20,18,2245,294,1099,1050,120,18,,,1443,,17,5,32,8,1559,24,,2,6,155,40,31,56.3,
Jan Bednarek,pl POL,DF,Southampton,29,2351,2,0,7,0,0.7,0.5,4,58,2,0.08,0.0,0.02,0.02,,0.08,0.4,16.0,1495,92.5,26431,,,,5,71,1,0,,,,,35,18,,15,43,32,11,53,1953,359,1028,892,40,15,,,996,,5,1,9,3,1249,31,,0,1,102,68,36,65.4,
Jean-Ricner Bellegarde,fr FRA,"MF,FW",Wolves,26,1551,2,6,3,0,1.3,3.6,49,39,83,0.12,0.35,0.08,0.21,,0.29,0.1,21.7,415,78.7,6398,,,,26,27,17,8,,,,,37,22,,6,19,3,16,10,756,24,139,339,295,45,,,464,,35,11,38,25,519,29,,1,40,57,9,18,33.3,
Rodrigo Bentancur,uy URU,MF,Tottenham,27,1518,2,0,7,0,1.3,0.4,26,99,34,0.12,0.0,0.08,0.03,,0.3,0.09,17.4,916,88.1,14862,,,,10,107,12,2,,,,,38,20,,20,24,8,16,36,1252,70,299,747,215,24,,,739,,23,5,18,19,826,31,,1,4,111,35,27,56.5,
Sander Berge,no NOR,MF,Fulham,27,2017,0,0,4,0,0.2,0.6,27,110,8,0.0,0.0,0.01,0.03,,0.0,0.0,7.6,985,91.3,17541,,,,17,104,4,0,,,,,48,28,,12,26,8,18,20,1255,75,345,720,196,13,,,734,,22,2,11,15,809,27,,0,3,116,25,20,55.6,
Lucas Bergvall,se SWE,MF,Tottenham,19,1212,0,1,3,0,0.7,0.6,33,49,31,0.0,0.07,0.05,0.04,,0.15,0.0,19.9,629,87.4,10567,,,,11,53,7,3,,,,,39,19,,15,18,8,10,24,885,36,188,478,232,22,,,531,,21,4,20,19,586,20,,0,21,73,9,8,52.9,
Victor Bernth Kristiansen,dk DEN,DF,Leicester City,22,2380,0,1,1,0,0.3,1.4,39,69,75,0.0,0.04,0.01,0.05,,0.0,0.0,17.7,1007,77.6,16181,,,,18,74,23,18,,,,,85,50,,40,37,14,23,40,1581,113,564,711,319,15,,,800,,25,5,13,12,872,17,,3,96,97,19,42,31.1,
Beto,gw GNB,FW,Everton,27,1192,6,0,2,0,6.1,0.8,12,9,62,0.45,0.0,0.46,0.06,,1.36,0.17,13.6,116,56.6,1593,,,,8,5,3,1,,,,,13,6,,3,7,1,6,3,403,21,41,182,185,65,,,210,,9,9,53,32,291,29,,14,3,29,74,86,46.3,
Yves Bissouma,ml MLI,MF,Tottenham,28,1210,2,0,7,0,0.6,0.3,15,71,3,0.15,0.0,0.04,0.02,,0.3,0.2,23.2,693,89.4,10536,,,,6,57,10,1,,,,,44,28,,15,7,4,3,14,938,58,261,535,148,5,,,564,,17,0,22,13,657,22,,0,2,71,4,7,36.4,
Jarrod Bowen,eng ENG,"FW,MF",West Ham,28,2631,9,7,1,0,7.4,6.3,97,85,183,0.31,0.24,0.25,0.22,,1.03,0.11,17.8,510,71.8,8497,,,,49,37,42,7,,,,,36,23,,20,21,3,18,16,1098,25,125,401,596,150,,,651,,43,55,67,68,718,18,,9,100,120,11,44,20.0,
Jarrad Branthwaite,eng ENG,DF,Everton,22,2258,0,1,4,0,1.1,0.6,9,57,2,0.0,0.04,0.04,0.02,,0.12,0.0,8.2,851,81.6,16684,,,,2,75,2,0,,,,,35,20,,7,29,21,8,23,1345,196,713,581,58,22,,,643,,13,2,8,3,774,10,,1,3,80,50,36,58.1,
Santiago Bueno,uy URU,DF,Wolves,26,1683,0,0,2,0,0.4,0.0,1,28,1,0.0,0.0,0.02,0.0,,0.16,0.0,14.0,741,88.0,13598,,,,0,24,2,0,,,,,40,21,,5,35,20,15,15,1023,169,520,485,21,6,,,555,,2,0,2,2,660,26,,0,0,43,35,31,53.0,
Facundo Buonanotte,ar ARG,"FW,MF",Leicester City,20,1474,4,2,7,0,3.8,3.1,38,52,69,0.24,0.12,0.23,0.19,,0.61,0.12,17.8,430,76.6,6782,,,,24,40,13,2,,,,,53,32,,46,32,6,26,11,850,26,127,436,300,36,,,465,,26,8,53,39,515,35,,3,41,77,17,35,32.7,
Cameron Burgess,au AUS,DF,Ipswich Town,29,1361,0,1,0,0,0.7,0.5,2,40,4,0.0,0.07,0.05,0.03,,0.07,0.0,9.7,542,80.8,9841,,,,6,42,4,0,,,,,14,9,,2,18,13,5,13,849,204,510,296,44,21,,,391,,4,0,2,0,492,4,,1,0,37,38,19,66.7,
Dan Burn,eng ENG,DF,Newcastle Utd,32,2970,1,0,10,0,1.7,0.9,9,56,10,0.03,0.0,0.05,0.03,,0.15,0.05,9.9,1578,89.4,28670,,,,8,35,7,0,,,,,33,19,,15,32,23,9,25,2104,335,1183,823,103,46,,,1203,,5,1,21,3,1417,28,,5,2,91,127,62,67.2,
Wes Burns,wls WAL,"FW,DF",Ipswich Town,30,926,0,1,1,0,0.5,1.6,38,8,65,0.0,0.1,0.05,0.16,,0.1,0.0,18.3,153,60.5,2416,,,,10,8,8,7,,,,,13,11,,6,7,2,5,10,350,21,69,129,160,18,,,216,,13,10,17,13,220,4,,0,46,50,8,21,27.6,
Moisés Caicedo,ec ECU,MF,Chelsea,23,2991,1,2,10,0,0.8,2.9,38,194,33,0.03,0.06,0.02,0.09,,0.09,0.06,25.1,1792,89.7,31004,,,,28,215,31,2,,,,,100,63,,30,44,9,35,47,2340,85,502,1442,421,12,,,1308,,28,2,35,23,1642,61,,0,8,197,30,15,66.7,
Jens Cajuste,se SWE,MF,Ipswich Town,25,1774,1,0,2,0,0.5,0.6,23,46,16,0.05,0.0,0.02,0.03,,0.05,0.1,21.3,572,82.4,9440,,,,11,45,5,1,,,,,39,19,,28,24,9,15,25,904,59,261,475,182,11,,,420,,21,3,21,14,521,21,,0,9,98,12,20,37.5,
Riccardo Calafiori,it ITA,DF,Arsenal,22,925,2,1,4,0,0.9,0.3,21,54,29,0.19,0.1,0.08,0.03,,0.58,0.2,14.1,449,85.4,6549,,,,6,40,9,1,,,,,26,18,,11,12,6,6,9,628,30,161,249,222,29,,,291,,12,3,11,5,377,16,,3,11,30,22,13,62.9,
Dominic Calvert-Lewin,eng ENG,FW,Everton,28,1574,3,1,2,0,6.1,0.6,22,19,105,0.17,0.06,0.35,0.04,,0.97,0.07,12.3,174,62.6,2035,,,,7,19,5,1,,,,,9,7,,4,6,2,4,6,491,21,38,204,254,82,,,268,,8,16,71,32,402,27,,27,6,32,83,79,51.2,
Casemiro,br BRA,MF,Manchester Utd,33,1335,1,0,3,0,1.7,2.3,4,70,26,0.07,0.0,0.11,0.15,,0.54,0.04,18.8,670,78.5,11089,,,,20,68,20,6,,,,,77,46,,25,33,10,23,12,1091,69,327,555,217,38,,,575,,10,0,10,10,697,17,,3,19,89,31,17,64.6,
Matty Cash,pl POL,DF,Aston Villa,27,1710,1,1,6,0,0.3,1.1,44,38,70,0.05,0.05,0.02,0.06,,0.21,0.1,19.0,607,78.6,10099,,,,10,36,8,4,,,,,46,26,,10,17,6,11,21,963,70,350,382,242,37,,,479,,33,4,17,6,547,24,,1,30,61,17,19,47.2,
Timothy Castagne,be BEL,DF,Fulham,29,1625,0,1,1,0,0.4,1.2,17,61,67,0.0,0.06,0.02,0.07,,0.17,0.0,14.0,768,81.8,12239,,,,9,51,5,3,,,,,46,29,,19,15,6,9,22,1149,91,444,458,253,32,,,542,,15,2,15,5,657,15,,1,37,55,34,35,49.3,
Ryan Christie,sct SCO,MF,Bournemouth,30,2117,2,3,9,0,1.8,3.5,34,137,44,0.09,0.13,0.08,0.15,,0.51,0.06,19.6,837,79.3,14882,,,,41,118,33,5,,,,,54,33,,37,44,11,33,30,1376,74,256,773,372,46,,,726,,40,8,44,25,777,43,,1,48,182,20,28,41.7,
Jack Clarke,eng ENG,"FW,MF",Ipswich Town,24,1033,0,4,2,0,1.0,2.0,30,33,47,0.0,0.35,0.09,0.17,,0.17,0.0,19.4,260,76.0,4206,,,,23,24,6,0,,,,,28,17,,15,6,0,6,7,476,22,114,195,181,32,,,264,,18,9,20,16,287,14,,3,13,65,7,14,33.3,
Conor Coady,eng ENG,DF,Leicester City,32,1354,0,0,2,0,0.1,0.1,2,28,0,0.0,0.0,0.01,0.0,,0.07,0.0,9.2,764,90.6,13171,,,,1,31,2,0,,,,,12,8,,2,26,19,7,11,958,186,521,421,17,6,,,636,,2,1,4,2,703,7,,1,0,46,13,16,44.8,
Nathan Collins,ie IRL,DF,Brentford,24,3060,2,3,5,0,2.5,1.8,28,113,18,0.06,0.09,0.07,0.05,,0.18,0.12,10.7,1535,85.7,29301,,,,10,98,7,2,,,,,36,21,,10,69,49,20,32,2202,355,1153,898,161,65,,,1147,,10,0,16,8,1329,24,,6,7,148,110,59,65.1,
Levi Colwill,eng ENG,DF,Chelsea,22,2789,1,1,8,0,1.3,1.1,13,124,11,0.03,0.03,0.04,0.04,,0.1,0.06,9.9,2167,89.6,39487,,,,14,144,7,3,,,,,40,28,,9,34,24,10,31,2669,330,1241,1310,128,35,,,1526,,11,1,13,8,1964,42,,4,13,108,76,51,59.8,
Lewis Cook,eng ENG,"MF,DF",Bournemouth,28,2726,1,3,8,0,0.9,4.1,33,152,48,0.03,0.1,0.03,0.14,,0.13,0.07,23.4,1131,76.5,19703,,,,47,149,25,10,,,,,77,41,,30,28,10,18,40,1776,82,416,930,449,19,,,779,,28,4,29,16,888,46,,3,126,178,40,34,54.1,
Marc Cucurella,es ESP,DF,Chelsea,26,2628,4,1,10,1,2.6,1.9,30,104,108,0.14,0.03,0.09,0.06,,0.31,0.18,16.5,1529,88.0,24117,,,,18,108,12,3,,,,,58,38,,25,40,13,27,23,2014,100,603,933,486,72,,,864,,17,2,26,6,1259,33,,3,29,110,29,51,36.3,
Matheus Cunha,br BRA,"MF,FW",Wolves,25,2425,15,6,3,0,7.9,7.3,104,131,147,0.56,0.22,0.29,0.27,,1.48,0.15,20.6,743,71.9,11781,,,,51,89,54,10,,,,,35,21,,25,19,1,18,17,1425,22,173,657,643,117,,,819,,88,36,72,48,957,41,,8,123,123,10,27,27.0,
Diogo Dalot,pt POR,DF,Manchester Utd,26,2788,0,3,5,0,2.0,2.0,62,102,164,0.0,0.1,0.06,0.07,,0.16,0.0,15.6,1336,80.5,21497,,,,26,61,25,8,,,,,67,39,,18,22,9,13,37,1965,113,658,767,557,66,,,1111,,37,16,37,21,1186,40,,4,65,164,38,21,64.4,
Mikkel Damsgaard,dk DEN,"MF,FW",Brentford,24,2578,2,10,2,0,2.6,7.6,63,209,117,0.07,0.35,0.09,0.26,,0.24,0.06,17.5,984,73.0,16907,,,,57,149,66,17,,,,,74,41,,44,34,2,32,25,1659,34,303,756,622,70,,,943,,42,9,53,43,1100,17,,6,122,156,12,25,32.4,
Ben Davies,wls WAL,DF,Tottenham,32,1036,0,0,3,0,0.3,0.2,13,49,6,0.0,0.0,0.02,0.02,,0.09,0.0,17.0,745,89.4,13969,,,,2,41,2,0,,,,,13,9,,7,23,15,8,11,965,169,502,419,44,12,,,558,,9,0,4,0,653,12,,0,4,34,41,35,53.9,
Leif Davis,eng ENG,DF,Ipswich Town,25,2563,1,2,5,1,0.9,4.3,48,55,117,0.04,0.07,0.03,0.15,,0.07,0.07,20.4,854,71.5,14708,,,,54,30,26,11,,,,,45,26,,17,24,8,16,25,1459,115,517,484,477,36,,,659,,27,10,36,14,770,25,,3,148,111,33,22,60.0,
Craig Dawson,eng ENG,DF,Wolves,34,971,0,0,2,0,0.5,0.0,6,20,5,0.0,0.0,0.05,0.0,,0.09,0.0,8.5,484,86.6,9745,,,,2,22,1,0,,,,,15,3,,3,16,11,5,9,671,130,396,249,28,14,,,390,,1,0,2,0,443,6,,2,0,35,21,11,65.6,
Kevin De Bruyne,be BEL,"MF,FW",Manchester City,33,1538,4,7,2,0,3.8,7.6,47,135,137,0.23,0.41,0.22,0.44,,0.82,0.08,21.7,799,76.0,13542,,,,51,80,51,11,,,,,17,9,,18,8,0,8,7,1210,10,73,408,739,71,,,711,,45,18,24,26,907,16,,5,122,56,4,15,21.1,
Liam Delap,eng ENG,FW,Ipswich Town,22,2424,12,2,9,0,9.1,1.9,59,30,104,0.45,0.07,0.34,0.07,,1.0,0.16,15.9,208,61.0,2873,,,,20,16,6,0,,,,,10,7,,12,8,0,8,2,647,29,78,270,320,87,,,424,,45,28,96,55,507,65,,13,5,64,52,67,43.7,
Sepp van den Berg,nl NED,DF,Brentford,23,2226,0,0,2,0,1.6,0.2,9,68,27,0.0,0.0,0.07,0.01,,0.2,0.0,10.8,914,84.2,15702,,,,4,56,3,1,,,,,35,22,,9,48,34,14,19,1377,239,699,523,158,41,,,610,,9,1,14,7,775,19,,1,7,81,83,65,56.1,
Amad Diallo,ci CIV,"FW,MF",Manchester Utd,22,1594,6,6,3,0,4.1,3.9,92,53,159,0.34,0.34,0.23,0.22,,0.73,0.15,17.7,658,82.9,9051,,,,39,25,29,5,,,,,33,26,,11,10,0,10,11,1012,13,150,374,504,109,,,656,,46,52,35,32,714,19,,9,38,93,9,15,37.5,
Rúben Dias,pt POR,DF,Manchester City,27,2001,0,0,4,0,1.4,0.3,35,122,6,0.0,0.0,0.06,0.01,,0.22,0.0,19.2,1943,93.6,33548,,,,5,189,5,0,,,,,16,10,,4,17,14,3,18,2230,195,749,1231,255,22,,,1592,,54,1,7,1,1815,12,,0,3,68,30,31,49.2,
Luis Díaz,co COL,FW,Liverpool,28,2225,12,5,2,0,10.0,4.9,103,103,269,0.49,0.2,0.4,0.2,,1.09,0.18,13.5,697,84.3,11124,,,,54,45,43,6,,,,,33,21,,21,18,0,18,7,1109,15,78,382,668,155,,,733,,53,55,51,43,878,48,,10,30,98,12,33,26.7,
Tyler Dibling,eng ENG,"FW,MF",Southampton,19,1697,2,0,6,0,2.5,1.5,67,60,90,0.11,0.0,0.13,0.08,,0.48,0.07,19.3,462,80.8,6935,,,,20,25,20,1,,,,,34,20,,10,19,5,14,8,807,24,106,369,351,40,,,520,,47,26,41,53,604,28,,2,27,74,10,21,32.3,
Lucas Digne,fr FRA,DF,Aston Villa,31,2241,0,4,4,0,0.8,4.4,23,54,140,0.0,0.16,0.03,0.17,,0.12,0.0,22.7,924,75.0,14998,,,,35,43,29,18,,,,,62,36,,20,23,4,19,25,1473,90,510,449,524,28,,,669,,14,4,17,15,804,20,,7,138,98,34,26,56.7,
Issa Diop,fr FRA,DF,Fulham,28,1339,0,0,2,0,0.5,0.1,6,25,3,0.0,0.0,0.04,0.01,,0.13,0.0,10.7,663,87.5,12350,,,,3,43,1,0,,,,,26,12,,5,10,7,3,9,903,125,498,381,26,13,,,533,,2,0,9,2,617,10,,0,1,45,20,12,62.5,
Matt Doherty,ie IRL,DF,Wolves,33,1965,2,1,6,0,1.0,1.5,29,76,40,0.09,0.05,0.05,0.07,,0.14,0.2,11.4,1003,82.6,18738,,,,11,88,14,1,,,,,37,20,,8,26,15,11,21,1433,123,566,705,179,25,,,754,,19,4,11,5,909,18,,2,18,99,48,19,71.6,
Jeremy Doku,be BEL,"FW,MF",Manchester City,22,1397,3,6,1,0,1.0,4.4,189,66,259,0.19,0.39,0.07,0.28,,0.58,0.13,18.2,558,79.3,7829,,,,28,12,44,5,,,,,28,19,,7,10,1,9,4,944,4,42,220,705,135,,,731,,88,90,52,55,786,7,,5,51,57,0,11,0.0,
Nicolás Domínguez,ar ARG,"MF,FW",Nott'ham Forest,26,1669,0,1,8,0,1.4,1.3,12,66,26,0.0,0.05,0.08,0.07,,0.38,0.0,19.0,709,87.0,10239,,,,13,71,9,1,,,,,75,40,,35,34,11,23,27,1049,69,269,542,247,25,,,395,,11,2,18,9,572,29,,1,5,102,21,19,52.5,
Abdoulaye Doucouré,ml MLI,MF,Everton,32,2425,3,1,5,1,3.9,2.3,40,78,91,0.11,0.04,0.14,0.09,,0.33,0.1,13.8,676,79.6,10229,,,,26,44,14,0,,,,,45,27,,26,30,6,24,9,1090,31,218,502,385,59,,,571,,24,8,33,35,705,46,,10,23,139,29,43,40.3,
Flynn Downes,eng ENG,MF,Southampton,26,1791,1,0,10,0,0.6,1.1,24,59,28,0.05,0.0,0.03,0.05,,0.15,0.1,18.7,851,89.8,12498,,,,15,52,11,0,,,,,43,23,,18,22,6,16,30,1136,76,343,605,197,20,,,540,,21,4,12,17,805,45,,0,3,73,13,13,50.0,
Radu Drăgușin,ro ROU,DF,Tottenham,23,1252,0,0,1,0,0.1,0.4,7,37,2,0.0,0.0,0.01,0.03,,0.07,0.0,12.7,716,85.2,13638,,,,4,52,2,1,,,,,10,6,,6,22,16,6,15,961,148,510,430,30,12,,,623,,3,0,8,2,669,6,,0,1,48,33,22,60.0,
Lewis Dunk,eng ENG,DF,Brighton,33,1993,0,0,5,0,0.8,0.5,20,142,3,0.0,0.0,0.04,0.02,,0.14,0.0,12.1,1724,90.9,32037,,,,6,154,6,0,,,,,17,10,,8,26,17,9,12,2062,245,966,994,112,21,,,1302,,18,0,8,3,1509,7,,2,5,102,49,30,62.0,
Ederson,br BRA,GK,Manchester City,31,2050,0,4,3,0,0.0,1.5,0,1,0,0.0,0.18,0.0,0.07,,0.0,,,730,88.2,17943,,,,4,20,1,0,,,,,0,0,,2,0,0,0,1,875,619,866,9,0,0,,,590,,0,0,1,0,560,1,,0,0,38,4,1,80.0,
Anthony Elanga,se SWE,"FW,MF",Nott'ham Forest,23,2142,6,9,1,0,4.0,4.7,84,52,177,0.25,0.38,0.17,0.2,,0.8,0.16,17.2,452,64.9,6511,,,,43,27,24,7,,,,,17,12,,12,11,1,10,5,953,29,127,276,566,94,,,509,,42,41,67,38,637,8,,14,151,82,22,33,40.0,
Christian Eriksen,dk DEN,MF,Manchester Utd,33,994,0,1,4,0,0.3,2.6,10,49,29,0.0,0.09,0.03,0.24,,0.09,0.0,24.8,548,79.5,9150,,,,23,53,8,2,,,,,19,9,,13,13,4,9,7,778,24,160,376,246,13,,,424,,11,0,11,5,514,8,,0,74,59,2,5,28.6,
Pervis Estupiñán,ec ECU,DF,Brighton,27,2132,1,1,5,0,0.9,2.1,55,115,104,0.04,0.04,0.04,0.09,,0.3,0.05,25.1,1205,83.3,18325,,,,24,94,31,18,,,,,54,36,,15,16,2,14,30,1702,68,424,843,452,29,,,914,,53,9,30,25,1035,33,,3,111,135,41,26,61.2,
Evanilson,br BRA,FW,Bournemouth,25,1972,9,1,0,1,11.0,1.6,26,19,87,0.41,0.05,0.5,0.07,,1.28,0.15,12.9,201,69.1,2409,,,,23,14,2,0,,,,,14,9,,4,10,2,8,0,479,22,49,183,250,113,,,279,,15,14,31,22,337,31,,17,0,56,38,56,40.4,
Eberechi Eze,eng ENG,"MF,FW",Crystal Palace,26,2337,4,8,1,0,8.2,5.2,65,85,141,0.15,0.31,0.31,0.2,,0.92,0.04,21.5,707,74.6,11848,,,,53,46,32,3,,,,,37,22,,18,26,0,26,11,1289,15,172,611,537,86,,,771,,43,21,52,44,840,11,,9,100,128,6,36,14.3,
Łukasz Fabiański,pl POL,GK,West Ham,40,1070,0,0,2,0,0.0,0.0,0,0,0,0.0,0.0,0.0,0.0,,0.0,,,304,67.0,8756,,,,0,4,0,0,,,,,0,0,,1,0,0,0,0,488,382,483,5,0,0,,,258,,0,0,0,0,227,2,,0,0,5,2,1,66.7,
Wout Faes,be BEL,DF,Leicester City,27,2455,1,0,4,0,1.4,0.1,12,74,1,0.04,0.0,0.05,0.0,,0.04,0.09,10.0,1175,87.1,21767,,,,4,76,6,0,,,,,38,23,,20,45,33,12,26,1653,270,809,785,67,26,,,953,,13,2,16,6,1085,21,,1,5,84,41,34,54.7,
Bruno Fernandes,pt POR,MF,Manchester Utd,30,2758,8,9,4,2,9.5,7.6,65,281,118,0.26,0.29,0.31,0.25,,0.82,0.06,21.9,1522,75.2,26743,,,,84,176,73,11,,,,,76,47,,46,32,4,28,25,2394,59,398,1130,888,71,,,1379,,60,11,38,37,1665,26,,2,172,192,21,28,42.9,
Mateus Fernandes,pt POR,MF,Southampton,20,2584,2,3,8,0,3.7,2.6,72,130,99,0.07,0.1,0.13,0.09,,0.49,0.05,18.6,977,79.7,16522,,,,30,89,21,4,,,,,81,43,,31,39,5,34,21,1577,57,336,774,503,45,,,814,,65,8,50,33,976,40,,3,102,162,13,9,59.1,
Enzo Fernández,ar ARG,MF,Chelsea,24,2590,5,7,7,0,5.4,6.3,57,196,115,0.17,0.24,0.19,0.22,,0.63,0.1,18.6,1397,80.0,24772,,,,71,155,39,7,,,,,61,30,,49,32,5,27,11,2021,32,309,1027,698,73,,,1115,,53,8,27,27,1487,45,,1,103,141,13,27,32.5,
Mark Flekken,nl NED,GK,Brentford,31,2915,0,2,1,0,0.0,0.5,0,0,0,0.0,0.06,0.0,0.02,,0.0,,,1144,73.3,33906,,,,3,45,2,0,,,,,4,4,,6,2,0,2,0,1662,1305,1615,52,0,0,,,1013,,0,0,3,0,922,0,,0,0,36,4,0,100.0,
Phil Foden,eng ENG,"MF,FW",Manchester City,24,1693,7,2,2,0,5.1,4.7,47,95,119,0.37,0.11,0.27,0.25,,0.85,0.13,18.5,743,84.0,11571,,,,42,40,35,5,,,,,12,5,,10,12,1,11,9,1076,13,81,375,629,79,,,677,,30,15,35,30,842,5,,3,73,59,3,8,27.3,
Wesley Fofana,fr FRA,DF,Chelsea,24,1172,0,0,7,0,0.4,0.4,19,32,4,0.0,0.0,0.03,0.03,,0.0,0.0,10.6,724,90.2,12262,,,,6,54,1,0,,,,,13,12,,8,14,9,5,14,933,81,370,523,55,10,,,557,,12,1,16,5,665,24,,0,1,54,27,12,69.2,
Cody Gakpo,nl NED,FW,Liverpool,25,1627,9,3,5,0,6.4,3.5,48,51,240,0.5,0.17,0.35,0.19,,1.11,0.18,15.1,415,76.0,5915,,,,33,22,26,8,,,,,26,14,,12,19,2,17,11,759,20,72,217,486,87,,,510,,30,18,38,19,570,17,,5,64,62,15,22,40.5,
Idrissa Gana Gueye,sn SEN,MF,Everton,35,2705,0,3,8,0,1.1,1.7,24,126,23,0.0,0.1,0.04,0.06,,0.17,0.0,25.2,1062,86.5,18071,,,,19,130,10,3,,,,,123,74,,33,44,9,35,41,1571,68,382,891,307,19,,,732,,25,4,30,33,895,51,,0,7,177,22,15,59.5,
Alejandro Garnacho,ar ARG,"MF,FW",Manchester Utd,20,2056,5,1,2,0,7.0,3.6,134,54,274,0.22,0.04,0.31,0.16,,1.23,0.06,17.1,600,79.1,8376,,,,30,20,22,3,,,,,28,18,,23,19,0,19,13,1078,13,120,340,636,164,,,783,,70,65,61,47,829,11,,10,50,103,3,23,11.5,
James Garner,eng ENG,"MF,DF",Everton,24,1234,0,1,3,0,0.3,1.3,10,38,22,0.0,0.07,0.02,0.09,,0.15,0.0,24.1,434,72.8,7598,,,,11,39,5,2,,,,,37,23,,16,14,3,11,16,734,32,187,360,194,9,,,336,,13,1,11,7,386,16,,0,50,60,10,8,55.6,
Morgan Gibbs-White,eng ENG,MF,Nott'ham Forest,25,2451,5,7,10,1,4.7,4.5,63,145,116,0.18,0.26,0.17,0.16,,0.66,0.09,17.0,861,78.1,13218,,,,46,114,35,7,,,,,39,18,,15,14,4,10,18,1427,33,169,721,560,86,,,811,,46,12,66,39,1071,33,,7,37,114,37,47,44.0,
João Gomes,br BRA,MF,Wolves,24,2781,3,1,10,1,2.7,1.2,53,148,68,0.1,0.03,0.09,0.04,,0.23,0.09,18.1,1262,84.9,18027,,,,22,107,22,1,,,,,105,62,,60,42,4,38,25,1843,59,404,1014,451,42,,,957,,50,6,38,49,1230,67,,1,27,178,9,24,27.3,
Toti Gomes,pt POR,DF,Wolves,26,2344,0,1,6,0,0.7,0.9,21,67,15,0.0,0.04,0.03,0.04,,0.08,0.0,11.6,1272,85.1,21197,,,,9,72,5,3,,,,,53,38,,7,28,17,11,23,1772,207,847,851,95,15,,,1028,,18,0,16,13,1202,23,,4,13,100,48,24,66.7,
Anthony Gordon,eng ENG,FW,Newcastle Utd,24,2200,6,5,2,0,8.0,4.9,109,92,194,0.25,0.2,0.33,0.2,,0.65,0.09,16.6,661,73.1,10125,,,,50,59,50,16,,,,,31,17,,22,24,2,22,6,1165,16,115,439,630,123,,,748,,55,55,28,35,838,19,,8,120,92,5,7,41.7,
Ryan Gravenberch,nl NED,MF,Liverpool,22,2921,0,4,5,0,1.0,2.9,65,168,54,0.0,0.12,0.03,0.09,,0.15,0.0,24.7,1595,88.9,23774,,,,25,140,32,1,,,,,65,34,,21,34,10,24,57,2176,104,446,1274,485,23,,,1286,,71,9,48,21,1548,42,,0,6,182,26,14,65.0,
Archie Gray,eng ENG,"DF,MF",Tottenham,19,1391,0,0,0,0,0.0,0.1,5,32,15,0.0,0.0,0.0,0.01,,0.06,0.0,24.6,912,88.6,15954,,,,2,37,0,0,,,,,12,6,,10,19,10,9,12,1138,134,546,520,82,2,,,798,,5,0,9,10,860,9,,0,12,57,9,8,52.9,
Jacob Greaves,eng ENG,DF,Ipswich Town,24,1845,1,0,5,0,1.2,0.0,6,51,7,0.05,0.0,0.06,0.0,,0.2,0.13,8.3,791,86.4,12967,,,,2,59,1,0,,,,,31,14,,9,36,24,12,18,1141,244,619,455,71,15,,,524,,9,0,7,2,704,11,,1,0,43,58,38,60.4,
Marc Guéhi,eng ENG,DF,Crystal Palace,24,2879,3,2,9,1,1.9,1.2,22,126,8,0.09,0.06,0.06,0.04,,0.22,0.21,10.3,1377,83.3,26335,,,,12,127,11,3,,,,,56,31,,15,53,22,31,25,1994,292,987,881,137,31,,,1065,,17,1,16,16,1243,22,,1,13,135,66,50,56.9,
Bruno Guimarães,br BRA,MF,Newcastle Utd,27,2912,4,6,6,0,3.8,5.6,53,241,79,0.12,0.19,0.12,0.17,,0.28,0.11,16.2,1305,82.1,21511,,,,45,158,67,6,,,,,71,41,,32,33,9,24,27,1965,74,397,1011,578,71,,,1275,,39,11,51,73,1475,54,,2,24,161,17,16,51.5,
İlkay Gündoğan,de GER,MF,Manchester City,34,2050,0,5,1,0,2.7,2.8,57,115,86,0.0,0.22,0.12,0.12,,0.22,0.0,18.3,1408,89.3,21666,,,,37,97,21,2,,,,,24,13,,13,14,0,14,13,1748,43,256,848,664,60,,,1035,,52,9,27,24,1366,15,,0,57,105,13,11,54.2,
Malo Gusto,fr FRA,DF,Chelsea,21,1819,0,1,4,0,1.7,1.2,48,118,84,0.0,0.05,0.08,0.06,,0.2,0.0,21.3,1168,86.4,19089,,,,20,107,18,6,,,,,43,28,,23,29,8,21,23,1553,57,375,752,438,42,,,861,,35,8,16,17,1047,20,,2,51,114,8,15,34.8,
Joško Gvardiol,hr CRO,DF,Manchester City,23,3007,5,0,2,0,4.4,2.0,81,251,98,0.15,0.0,0.13,0.06,,0.33,0.14,13.0,2321,90.9,37878,,,,25,237,20,1,,,,,51,34,,18,40,20,20,38,2903,142,725,1474,727,85,,,1886,,92,13,25,16,2132,13,,2,19,132,48,33,59.3,
Erling Haaland,no NOR,FW,Manchester City,24,2480,21,3,2,0,20.8,2.8,19,18,103,0.76,0.11,0.76,0.1,,1.96,0.19,12.2,225,66.0,2706,,,,26,9,7,1,,,,,9,5,,4,11,1,10,5,578,22,39,200,344,170,,,272,,14,19,39,25,427,22,,4,3,29,49,45,52.1,
Lewis Hall,eng ENG,DF,Newcastle Utd,20,2189,0,4,3,0,0.4,4.3,41,123,80,0.0,0.16,0.02,0.18,,0.04,0.0,18.8,1300,81.7,21999,,,,34,114,17,5,,,,,58,41,,34,33,18,15,18,1820,95,623,804,414,47,,,950,,22,13,33,20,1094,9,,1,110,119,30,31,49.2,
Jack Harrison,eng ENG,FW,Everton,28,1887,1,0,0,0,3.3,3.7,62,45,116,0.05,0.0,0.16,0.18,,0.29,0.04,16.3,374,63.2,5976,,,,32,26,24,10,,,,,30,21,,26,18,2,16,9,862,31,144,304,421,62,,,473,,32,14,50,37,556,13,,4,115,65,4,26,13.3,
Taylor Harwood-Bellis,eng ENG,DF,Southampton,23,2564,1,0,8,0,1.7,1.0,28,116,9,0.04,0.0,0.06,0.03,,0.25,0.05,10.6,1742,88.0,32312,,,,14,168,9,0,,,,,27,19,,14,59,37,22,30,2268,306,1054,1051,172,38,,,1303,,27,0,15,5,1640,32,,0,9,115,52,40,56.5,
Kai Havertz,de GER,"FW,MF",Arsenal,25,1839,9,3,4,0,9.4,2.4,34,59,110,0.44,0.15,0.46,0.12,,1.03,0.17,11.7,401,78.5,4833,,,,16,26,8,1,,,,,16,9,,11,22,4,18,6,768,31,88,282,403,103,,,411,,23,18,42,22,575,36,,14,11,39,62,73,45.9,
Jan Paul van Hecke,nl NED,DF,Brighton,24,2598,1,1,8,1,1.3,1.5,53,209,5,0.03,0.03,0.04,0.05,,0.17,0.06,14.1,1795,87.9,35321,,,,13,202,16,4,,,,,39,25,,17,32,19,13,23,2316,246,987,1196,153,30,,,1536,,41,0,12,7,1628,22,,0,11,119,73,48,60.3,
Dean Henderson,eng ENG,GK,Crystal Palace,28,3060,0,0,3,0,0.0,0.1,0,0,0,0.0,0.0,0.0,0.0,,0.0,0.0,14.9,672,61.8,18496,,,,2,20,1,0,,,,,2,1,,4,0,0,0,0,1173,954,1169,3,1,1,,,674,,0,0,2,0,510,0,,0,0,25,11,1,91.7,
Mads Hermansen,dk DEN,GK,Leicester City,24,2385,0,0,1,0,0.0,0.0,0,1,0,0.0,0.0,0.0,0.0,,0.0,,,654,61.0,17066,,,,0,20,1,0,,,,,1,1,,0,1,0,1,0,1147,831,1106,43,0,0,,,734,,0,0,1,0,625,0,,0,0,17,4,1,80.0,
Son Heung-min,kr KOR,FW,Tottenham,32,2004,7,9,1,0,7.0,8.2,87,104,259,0.31,0.4,0.31,0.37,,1.08,0.11,17.0,703,79.0,9833,,,,50,36,51,6,,,,,17,9,,18,10,0,10,5,1093,15,110,347,646,117,,,732,,45,40,25,29,837,5,,11,75,81,6,11,35.3,
Jack Hinshelwood,eng ENG,"DF,MF",Brighton,20,1676,2,2,5,0,1.5,1.3,16,60,46,0.11,0.11,0.08,0.07,,0.32,0.14,14.3,800,83.4,12164,,,,15,33,9,2,,,,,26,18,,15,8,3,5,14,1100,49,307,505,293,26,,,539,,19,1,16,2,686,15,,0,26,55,19,14,57.6,
Callum Hudson-Odoi,eng ENG,"FW,MF",Nott'ham Forest,24,2152,5,2,2,0,2.5,2.7,127,66,186,0.21,0.08,0.1,0.11,,0.71,0.14,18.3,674,82.2,9918,,,,44,36,31,11,,,,,20,14,,6,11,0,11,13,1005,15,111,324,595,72,,,626,,61,45,44,23,764,12,,8,75,91,3,10,23.1,
Will Hughes,eng ENG,MF,Crystal Palace,30,1869,0,3,11,0,1.0,2.7,18,82,24,0.0,0.14,0.05,0.13,,0.05,0.0,22.6,658,76.1,10532,,,,29,69,14,3,,,,,61,33,,32,29,14,15,19,1070,41,253,551,278,14,,,469,,22,1,19,24,594,60,,0,65,107,17,17,50.0,
Dean Huijsen,es ESP,DF,Bournemouth,20,2144,2,1,8,0,1.7,2.0,36,112,10,0.08,0.04,0.07,0.08,,0.08,0.12,12.3,1147,83.6,23184,,,,14,142,7,2,,,,,33,23,,10,35,27,8,49,1723,229,786,824,122,29,,,937,,24,0,16,1,1050,28,,2,12,93,63,41,60.6,
Omari Hutchinson,eng ENG,"MF,FW",Ipswich Town,21,2223,3,2,5,0,2.3,2.5,71,69,131,0.12,0.08,0.09,0.1,,0.65,0.08,20.8,581,78.3,9129,,,,23,43,20,9,,,,,30,11,,32,24,1,23,10,1061,12,168,450,463,74,,,645,,35,30,68,55,748,28,,4,56,90,6,22,21.4,
Rasmus Højlund,dk DEN,FW,Manchester Utd,22,1744,4,0,2,0,3.8,1.3,26,16,83,0.21,0.0,0.2,0.06,,0.52,0.16,12.8,224,76.7,2426,,,,14,12,5,1,,,,,3,1,,4,5,0,5,1,447,6,31,223,201,58,,,275,,13,16,57,27,352,15,,11,6,30,23,82,21.9,
Igor,br BRA,DF,Brighton,27,903,0,0,4,0,0.0,0.2,9,44,0,0.0,0.0,0.0,0.02,,0.0,0.0,14.1,628,92.1,11358,,,,1,35,2,1,,,,,4,4,,6,23,14,9,4,764,109,377,353,38,1,,,497,,14,0,1,0,568,9,,0,2,40,8,6,57.1,
Alexander Isak,se SWE,FW,Newcastle Utd,25,2487,22,6,1,0,19.0,4.0,77,77,196,0.8,0.22,0.69,0.15,,1.34,0.22,14.5,459,74.0,6537,,,,38,32,26,1,,,,,12,5,,7,18,2,16,3,933,20,54,348,545,175,,,558,,40,43,62,50,659,25,,20,15,54,25,48,34.2,
Alex Iwobi,ng NGA,"FW,MF",Fulham,29,2721,9,6,1,0,4.5,6.5,132,196,221,0.3,0.2,0.15,0.22,,0.89,0.15,18.3,1037,74.4,17737,,,,53,106,77,16,,,,,37,21,,11,25,1,24,11,1693,31,225,678,815,107,,,1200,,99,37,54,38,1321,17,,4,118,124,5,31,13.9,
Nicolas Jackson,sn SEN,FW,Chelsea,23,2114,10,5,7,0,12.2,4.3,46,37,125,0.43,0.21,0.52,0.18,,1.36,0.14,12.7,291,76.2,3909,,,,28,22,10,1,,,,,19,11,,5,13,2,11,3,658,19,46,272,349,137,,,401,,24,30,65,39,490,32,,19,3,44,18,35,34.0,
Vitaly Janelt,de GER,MF,Brentford,26,2254,1,3,3,0,0.8,2.2,17,80,38,0.04,0.12,0.03,0.09,,0.16,0.07,17.7,872,82.5,14466,,,,14,78,23,7,,,,,38,22,,15,33,9,24,27,1289,118,418,574,306,32,,,652,,18,3,16,10,814,24,,1,30,107,19,11,63.3,
Raúl Jiménez,mx MEX,FW,Fulham,33,2134,10,3,4,0,11.2,2.9,32,55,117,0.42,0.13,0.47,0.12,,1.14,0.08,14.3,409,71.4,6193,,,,17,34,10,3,,,,,28,18,,12,19,5,14,9,884,30,106,377,414,148,,,496,,20,17,61,41,652,35,,14,20,70,72,83,46.5,
João Pedro,br BRA,"FW,MF",Brighton,23,1948,10,6,4,1,8.9,5.0,66,78,128,0.46,0.28,0.41,0.23,,0.69,0.12,17.2,482,72.9,6847,,,,30,42,36,5,,,,,16,12,,7,12,0,12,9,940,12,60,387,508,122,,,616,,39,30,72,38,732,26,,2,22,59,41,43,48.8,
Joelinton,br BRA,"MF,FW",Newcastle Utd,28,2393,4,3,10,0,3.9,2.5,40,116,110,0.15,0.11,0.15,0.09,,0.49,0.09,14.0,863,82.7,12199,,,,23,80,17,2,,,,,57,35,,19,37,7,30,23,1360,67,256,670,448,83,,,729,,26,9,39,53,934,58,,7,16,149,59,46,56.2,
Ben Johnson,eng ENG,"DF,FW",Ipswich Town,25,1348,1,2,5,1,1.1,1.3,16,26,33,0.07,0.13,0.07,0.09,,0.2,0.14,12.6,296,71.5,4812,,,,12,21,3,2,,,,,38,22,,21,22,5,17,13,624,60,245,219,163,12,,,259,,12,3,23,17,290,27,,1,37,57,19,18,51.4,
Brennan Johnson,wls WAL,FW,Tottenham,23,2083,11,3,5,0,9.8,2.3,57,70,194,0.48,0.13,0.43,0.1,,0.86,0.21,11.4,438,71.0,5790,,,,19,25,35,6,,,,,39,26,,15,25,3,22,4,825,16,89,282,466,120,,,527,,21,32,25,16,609,26,,12,52,60,7,20,25.9,
Curtis Jones,eng ENG,"MF,DF",Liverpool,24,1438,3,3,3,1,4.1,1.0,23,85,67,0.19,0.19,0.26,0.06,,0.75,0.1,16.9,821,93.2,11932,,,,19,60,16,0,,,,,34,18,,8,15,7,8,5,1040,27,160,555,331,50,,,632,,15,5,22,29,781,15,,1,6,78,13,12,52.0,
Diogo Jota,pt POR,FW,Liverpool,28,1097,6,3,2,0,7.3,1.8,36,33,86,0.49,0.25,0.6,0.15,,1.07,0.13,12.5,201,69.6,3050,,,,11,29,3,1,,,,,14,8,,12,9,0,9,7,448,5,30,185,240,90,,,247,,21,20,36,21,311,18,,1,8,40,21,30,41.2,
James Justin,eng ENG,DF,Leicester City,27,2579,2,1,5,0,1.5,0.6,37,86,92,0.07,0.03,0.05,0.02,,0.21,0.08,16.0,1052,77.6,16221,,,,13,71,21,7,,,,,48,29,,22,39,13,26,42,1714,131,594,768,362,37,,,770,,25,4,31,13,951,21,,2,53,75,58,46,55.8,
Daichi Kamada,jp JPN,MF,Crystal Palace,28,1338,0,0,3,1,1.0,1.8,23,73,52,0.0,0.0,0.07,0.12,,0.27,0.0,19.4,511,79.5,8122,,,,19,39,13,2,,,,,43,25,,25,19,4,15,16,804,18,172,420,217,28,,,403,,17,4,13,18,518,25,,2,27,67,3,12,20.0,
Boubacar Kamara,fr FRA,MF,Aston Villa,25,1373,0,0,2,0,0.4,0.9,16,72,5,0.0,0.0,0.02,0.06,,0.07,0.0,21.1,674,89.2,10544,,,,10,77,8,0,,,,,46,19,,25,17,7,10,16,911,88,288,520,109,8,,,467,,11,1,9,11,610,23,,0,1,67,16,21,43.2,
Milos Kerkez,hu HUN,DF,Bournemouth,21,2987,2,5,4,0,0.5,3.4,93,143,163,0.06,0.15,0.02,0.1,,0.15,0.12,20.4,1175,75.2,18321,,,,31,79,35,22,,,,,49,26,,14,36,11,25,40,1915,104,494,805,639,57,,,952,,65,15,43,18,1032,27,,1,120,153,25,46,35.2,
Bilal El Khannouss,ma MAR,MF,Leicester City,20,1920,2,2,4,0,0.9,3.2,61,118,77,0.09,0.09,0.04,0.15,,0.28,0.09,22.8,714,75.2,12717,,,,31,81,27,5,,,,,46,26,,13,19,4,15,6,1126,16,163,584,391,27,,,649,,38,9,35,34,753,27,,1,78,83,19,19,50.0,
Max Kilman,eng ENG,DF,West Ham,27,2988,0,1,4,0,1.4,1.2,29,106,6,0.0,0.03,0.04,0.04,,0.06,0.0,8.4,1511,86.9,29227,,,,16,100,4,0,,,,,30,17,,4,55,37,18,37,2113,428,1178,848,103,30,,,1119,,12,2,16,2,1404,17,,2,3,135,101,48,67.8,
Justin Kluivert,nl NED,"MF,FW",Bournemouth,25,2097,12,6,8,0,9.9,4.8,72,95,146,0.52,0.26,0.42,0.21,,0.94,0.12,20.3,516,74.2,7951,,,,45,40,32,6,,,,,21,9,,16,24,0,24,13,969,23,93,327,569,115,,,576,,50,34,49,24,631,40,,5,78,71,7,25,21.9,
Ibrahima Konaté,fr FRA,DF,Liverpool,25,2320,1,2,5,0,1.7,1.0,21,103,3,0.04,0.08,0.07,0.04,,0.12,0.06,10.5,1581,90.3,29259,,,,10,125,8,0,,,,,36,25,,10,27,15,12,12,2005,211,854,1047,110,22,,,1184,,13,0,8,2,1454,26,,0,0,86,72,28,72.0,
Ezri Konsa,eng ENG,DF,Aston Villa,27,2576,1,0,0,0,0.9,0.4,16,73,11,0.03,0.0,0.03,0.01,,0.1,0.11,9.1,1372,92.7,22993,,,,5,93,1,0,,,,,32,17,,4,17,9,8,21,1693,213,795,807,99,20,,,986,,11,2,16,9,1177,6,,0,5,86,27,21,56.3,
Mateo Kovačić,hr CRO,MF,Manchester City,30,2049,6,1,5,0,1.7,3.6,52,149,15,0.26,0.04,0.08,0.16,,0.53,0.15,22.5,1604,92.6,24956,,,,29,189,28,0,,,,,67,38,,33,20,0,20,20,1959,51,287,1126,567,16,,,1332,,73,3,19,29,1590,23,,0,0,110,9,8,52.9,
Mohammed Kudus,gh GHA,"FW,MF",West Ham,24,2331,4,2,1,1,6.5,2.3,88,74,194,0.15,0.08,0.25,0.09,,0.77,0.06,15.6,640,83.6,10429,,,,27,42,26,12,,,,,33,19,,17,23,1,22,4,1141,12,158,466,558,115,,,748,,56,39,66,88,888,35,,18,70,125,10,35,22.2,
Dejan Kulusevski,se SWE,"MF,FW",Tottenham,25,2281,7,4,3,0,4.2,6.1,118,122,207,0.28,0.16,0.17,0.24,,0.67,0.15,14.8,644,73.9,9046,,,,64,61,52,6,,,,,43,23,,30,27,4,23,13,1233,21,143,413,701,154,,,801,,67,39,74,72,874,43,,5,88,115,10,14,41.7,
Maxence Lacroix,fr FRA,DF,Crystal Palace,25,2756,1,1,5,0,2.8,0.8,8,59,7,0.03,0.03,0.09,0.02,,0.16,0.04,11.8,1093,81.9,22521,,,,6,66,2,1,,,,,67,40,,15,41,16,25,50,1737,314,1060,612,72,36,,,931,,4,0,21,3,1024,31,,1,6,121,54,44,55.1,
Mario Lemina,ga GAB,"MF,DF",Wolves,31,1364,1,3,4,0,1.4,1.1,8,48,21,0.07,0.2,0.09,0.07,,0.33,0.06,21.9,493,80.4,9479,,,,10,43,13,4,,,,,51,31,,9,12,7,5,27,809,92,324,378,119,18,,,382,,12,2,21,11,482,17,,4,10,73,25,16,61.0,
Bernd Leno,de GER,GK,Fulham,33,3060,0,1,4,0,0.0,0.1,0,0,0,0.0,0.03,0.0,0.0,,0.0,,,1030,81.2,25014,,,,2,14,2,0,,,,,2,2,,0,1,0,1,0,1328,1066,1318,10,0,0,,,879,,0,0,0,0,781,0,,0,0,47,9,0,100.0,
Jefferson Lerma,co COL,"MF,DF",Crystal Palace,30,2030,0,1,8,0,1.0,1.5,11,86,24,0.0,0.04,0.04,0.06,,0.31,0.0,19.4,775,75.5,13637,,,,9,83,17,2,,,,,30,15,,16,32,15,17,36,1269,95,403,653,223,26,,,596,,10,0,14,15,745,34,,0,11,139,39,38,50.6,
Rico Lewis,eng ENG,"DF,MF",Manchester City,20,1818,1,2,5,1,1.4,0.3,36,104,68,0.05,0.1,0.07,0.02,,0.1,0.1,15.8,1143,92.0,16487,,,,7,92,14,0,,,,,29,19,,8,28,7,21,13,1404,51,286,707,427,42,,,816,,38,8,19,19,1005,11,,0,3,94,5,13,27.8,
Keane Lewis-Potter,eng ENG,"DF,FW",Brentford,24,2759,1,3,6,0,2.6,3.0,92,88,143,0.03,0.1,0.08,0.1,,0.46,0.04,20.5,869,77.2,14318,,,,22,56,40,14,,,,,44,26,,17,24,9,15,19,1430,94,436,550,463,69,,,756,,62,34,42,19,845,16,,4,68,132,26,33,44.1,
Myles Lewis-Skelly,eng ENG,DF,Arsenal,18,1078,1,0,2,2,0.1,0.3,29,57,32,0.08,0.0,0.01,0.03,,0.08,0.5,14.3,549,90.7,8096,,,,6,54,8,1,,,,,21,14,,0,1,0,1,6,705,18,124,386,208,14,,,402,,21,5,9,8,482,10,,0,8,42,7,7,50.0,
Matthijs de Ligt,nl NED,DF,Manchester Utd,25,2089,2,0,3,0,2.5,0.3,7,55,6,0.09,0.0,0.11,0.01,,0.39,0.11,7.9,1225,90.1,21549,,,,6,63,2,1,,,,,30,22,,9,29,21,8,33,1584,181,813,722,56,29,,,1063,,3,0,5,3,1142,16,,2,6,66,57,29,66.3,
Jesper Lindstrøm,dk DEN,FW,Everton,25,1239,0,1,2,0,2.1,2.0,30,25,81,0.0,0.07,0.15,0.15,,0.73,0.0,21.0,297,69.4,4593,,,,19,18,12,7,,,,,45,25,,36,15,3,12,12,625,22,127,206,303,40,,,302,,19,7,31,24,347,15,,1,71,70,6,12,33.3,
Valentino Livramento,eng ENG,DF,Newcastle Utd,22,2480,0,1,1,0,0.2,2.3,72,136,91,0.0,0.04,0.01,0.08,,0.04,0.0,20.6,1228,85.0,18159,,,,21,94,23,5,,,,,50,33,,25,33,10,23,21,1728,105,553,796,404,32,,,900,,37,11,25,34,994,6,,2,44,170,22,30,42.3,
Saša Lukić,rs SRB,MF,Fulham,28,2079,0,2,12,0,1.0,2.6,37,87,29,0.0,0.09,0.04,0.11,,0.09,0.0,20.9,991,87.8,16673,,,,23,93,14,5,,,,,62,36,,30,17,7,10,25,1340,49,290,766,297,15,,,749,,37,4,20,7,861,58,,0,53,103,18,23,43.9,
Alexis Mac Allister,ar ARG,MF,Liverpool,26,2553,5,4,6,0,2.8,4.4,34,170,78,0.18,0.14,0.1,0.16,,0.46,0.13,18.1,1245,83.4,19843,,,,43,118,34,2,,,,,95,58,,46,60,6,54,22,1827,55,279,944,624,60,,,893,,41,5,31,22,1203,60,,2,84,145,19,34,35.8,
James Maddison,eng ENG,MF,Tottenham,28,1809,9,7,6,0,5.8,4.2,45,164,95,0.45,0.35,0.29,0.21,,0.85,0.23,16.7,1021,81.3,16664,,,,41,123,32,5,,,,,31,19,,20,15,4,11,12,1464,26,210,691,576,77,,,1026,,39,20,23,25,1125,32,,4,98,76,5,7,41.7,
Noni Madueke,eng ENG,FW,Chelsea,23,1723,7,3,3,0,8.2,3.9,133,63,208,0.37,0.16,0.43,0.2,,1.57,0.1,14.6,452,77.5,6706,,,,28,12,33,8,,,,,22,15,,20,14,0,14,8,837,18,83,237,531,163,,,562,,43,80,41,24,646,20,,4,58,67,10,15,40.0,
Gabriel Magalhães,br BRA,DF,Arsenal,27,2363,3,1,4,0,2.6,0.9,10,126,11,0.11,0.04,0.1,0.03,,0.19,0.14,9.5,1480,90.2,25788,,,,13,145,8,0,,,,,25,15,,4,42,29,13,16,1873,189,672,985,225,40,,,1116,,22,0,9,2,1366,19,,0,9,63,53,37,58.9,
Harry Maguire,eng ENG,DF,Manchester Utd,32,1483,1,0,7,0,1.4,0.3,6,43,6,0.06,0.0,0.09,0.02,,0.3,0.08,7.9,812,86.2,15170,,,,6,42,3,0,,,,,26,13,,4,14,12,2,37,1117,136,560,509,62,37,,,658,,6,3,6,2,722,17,,1,2,53,51,21,70.8,
Kobbie Mainoo,eng ENG,MF,Manchester Utd,20,1416,0,0,5,0,0.6,1.6,21,56,38,0.0,0.0,0.04,0.1,,0.13,0.0,20.8,627,86.1,8304,,,,14,45,9,0,,,,,39,24,,13,16,2,14,19,924,19,175,523,235,32,,,568,,14,10,30,32,656,26,,2,4,77,18,27,40.0,
Orel Mangala,be BEL,MF,Everton,27,1261,1,0,2,0,1.1,0.6,6,34,19,0.07,0.0,0.08,0.05,,0.43,0.06,22.1,437,89.2,6998,,,,8,50,8,1,,,,,16,8,,3,8,3,5,21,621,22,133,335,157,13,,,298,,6,3,12,12,406,24,,2,6,49,6,8,42.9,
Ryan Manning,ie IRL,"DF,MF",Southampton,28,1369,0,1,2,0,0.3,3.0,13,32,70,0.0,0.07,0.02,0.2,,0.07,0.0,20.8,572,78.1,9545,,,,30,26,11,8,,,,,28,17,,12,19,11,8,16,884,67,237,360,296,21,,,446,,13,4,17,5,528,19,,0,77,62,13,5,72.2,
Omar Marmoush,eg EGY,"FW,MF",Manchester City,26,998,6,0,0,0,4.8,1.7,21,29,68,0.54,0.0,0.43,0.15,,1.44,0.16,18.0,203,78.1,2782,,,,13,8,24,4,,,,,11,6,,8,15,1,14,5,416,3,29,121,271,56,,,262,,15,11,37,15,295,13,,9,25,32,5,8,38.5,
Gabriel Martinelli,br BRA,"FW,MF",Arsenal,23,1956,7,4,1,0,5.9,4.5,106,44,259,0.32,0.18,0.27,0.21,,0.87,0.16,13.0,429,71.0,6240,,,,34,10,30,13,,,,,19,14,,16,10,0,10,4,860,15,83,218,571,162,,,576,,29,55,48,33,655,14,,8,80,70,14,29,32.6,
Emiliano Martínez,ar ARG,GK,Aston Villa,32,2880,0,0,4,0,0.0,0.5,0,3,0,0.0,0.0,0.0,0.02,,0.0,,,986,79.0,25707,,,,2,21,0,0,,,,,3,3,,0,1,0,1,0,1307,990,1292,15,0,0,,,794,,0,0,1,0,718,1,,0,0,28,8,1,88.9,
Lisandro Martínez,ar ARG,DF,Manchester Utd,27,1751,2,1,7,0,1.3,1.1,23,117,7,0.1,0.05,0.07,0.06,,0.31,0.12,15.9,1200,89.4,20292,,,,9,91,18,2,,,,,40,24,,15,22,8,14,32,1524,156,713,697,125,18,,,1017,,23,2,1,3,1069,22,,0,9,81,16,13,55.2,
Pape Matar Sarr,sn SEN,MF,Tottenham,22,1636,3,2,6,0,3.3,1.5,29,79,50,0.17,0.11,0.18,0.08,,0.72,0.1,21.7,824,87.3,12681,,,,14,82,10,2,,,,,42,30,,12,23,9,14,24,1134,35,238,635,279,26,,,724,,31,5,26,21,812,28,,2,14,105,24,36,40.0,
Jean-Philippe Mateta,fr FRA,FW,Crystal Palace,27,2442,14,2,2,0,12.1,3.1,37,46,114,0.52,0.07,0.45,0.11,,0.92,0.2,15.6,269,65.0,3557,,,,27,31,15,2,,,,,17,12,,13,16,3,13,2,680,24,57,327,310,86,,,363,,20,8,67,41,502,27,,17,24,60,59,95,38.3,
Stephy Mavididi,eng ENG,FW,Leicester City,26,1615,4,1,2,0,1.8,2.6,91,57,138,0.22,0.06,0.1,0.15,,0.39,0.15,16.1,460,75.0,6191,,,,22,32,26,7,,,,,34,19,,28,26,2,24,11,863,23,132,327,421,61,,,583,,40,27,39,35,623,18,,3,69,83,9,15,37.5,
Konstantinos Mavropanos,gr GRE,DF,West Ham,27,1944,0,0,6,1,1.5,0.5,16,60,2,0.0,0.0,0.07,0.02,,0.23,0.0,14.8,1010,85.9,19926,,,,5,60,4,1,,,,,32,22,,11,23,17,6,38,1428,221,743,631,62,24,,,792,,10,1,12,0,934,17,,3,2,67,56,24,70.0,
Noussair Mazraoui,ma MAR,DF,Manchester Utd,27,2639,0,1,2,0,0.7,1.3,37,102,51,0.0,0.03,0.02,0.05,,0.1,0.0,20.6,1409,85.5,21053,,,,18,118,18,5,,,,,102,60,,34,33,8,25,34,1976,158,779,903,318,27,,,1086,,29,3,23,16,1190,37,,3,20,141,47,28,62.7,
Bryan Mbeumo,cm CMR,FW,Brentford,25,3054,18,6,3,0,10.8,7.9,114,126,306,0.53,0.18,0.32,0.23,,0.88,0.19,17.7,779,66.7,12432,,,,65,54,55,16,,,,,44,29,,13,22,3,19,14,1577,51,226,503,876,144,,,955,,62,67,97,38,1072,23,,11,177,139,32,69,31.7,
John McGinn,sct SCO,"MF,FW",Aston Villa,30,1992,1,3,7,0,2.9,3.4,30,90,70,0.05,0.14,0.13,0.15,,0.23,0.04,16.2,635,82.8,10675,,,,27,60,27,7,,,,,31,22,,15,20,2,18,14,965,27,154,514,307,52,,,530,,16,6,33,25,677,43,,3,50,92,15,10,60.0,
Dwight McNeil,eng ENG,"MF,FW",Everton,25,1185,3,4,1,0,1.1,3.8,32,61,68,0.23,0.3,0.08,0.29,,0.68,0.13,21.6,390,73.0,7325,,,,33,35,33,10,,,,,11,6,,11,7,0,7,5,645,3,65,280,315,22,,,374,,29,4,22,28,435,6,,1,92,65,3,14,17.6,
Mikel Merino,es ESP,"MF,FW",Arsenal,28,1401,6,2,2,0,4.4,1.9,9,61,86,0.39,0.13,0.28,0.12,,0.77,0.19,10.5,412,77.9,5686,,,,15,33,24,4,,,,,38,22,,14,17,5,12,13,709,35,127,300,291,72,,,349,,12,4,21,22,460,35,,7,12,76,57,52,52.3,
Nikola Milenković,rs SRB,DF,Nott'ham Forest,27,2970,4,2,4,0,3.6,1.0,3,49,6,0.12,0.06,0.11,0.03,,0.21,0.15,12.1,728,81.1,14579,,,,8,48,2,0,,,,,43,26,,6,39,23,16,24,1228,231,673,477,82,59,,,472,,3,2,2,2,619,17,,1,0,74,92,36,71.9,
Tyrone Mings,eng ENG,DF,Aston Villa,32,1051,0,0,1,0,0.8,0.2,6,39,0,0.0,0.0,0.07,0.02,,0.09,0.0,11.8,581,88.6,10405,,,,3,47,5,0,,,,,6,5,,0,13,11,2,7,767,139,388,340,43,15,,,472,,12,0,3,1,523,3,,0,1,33,26,21,55.3,
Yankuba Minteh,gm GAM,"FW,MF",Brighton,20,1498,5,4,6,0,3.7,4.7,68,37,159,0.3,0.24,0.22,0.29,,0.78,0.18,13.6,283,61.7,4572,,,,25,12,28,7,,,,,43,31,,28,17,0,17,10,687,27,122,194,389,118,,,392,,18,54,42,19,405,17,,4,73,73,16,25,39.0,
Tyrick Mitchell,eng ENG,DF,Crystal Palace,25,2852,0,4,2,0,1.2,5.6,56,62,160,0.0,0.13,0.04,0.18,,0.06,0.0,13.4,904,72.2,14514,,,,37,45,31,14,,,,,85,52,,20,62,12,50,14,1614,104,560,615,452,42,,,742,,33,9,35,28,827,20,,2,97,152,18,21,46.2,
Kaoru Mitoma,jp JPN,"FW,MF",Brighton,27,2521,9,3,1,0,8.8,4.4,138,82,277,0.32,0.11,0.31,0.16,,0.89,0.17,13.9,701,75.3,9130,,,,35,34,32,8,,,,,43,26,,28,46,3,43,13,1300,15,149,445,734,156,,,786,,76,55,49,22,911,39,,5,72,92,24,27,47.1,
Álex Moreno,es ESP,"DF,MF",Nott'ham Forest,31,955,0,1,2,0,0.2,1.3,26,34,34,0.0,0.09,0.02,0.12,,0.0,0.0,23.7,308,72.0,4574,,,,8,25,9,2,,,,,25,18,,24,11,5,6,15,559,60,210,202,158,8,,,229,,16,4,13,6,258,12,,0,19,50,3,11,21.4,
Sam Morsy,eg EGY,MF,Ipswich Town,33,2419,1,1,9,0,0.3,0.8,14,103,9,0.04,0.04,0.01,0.03,,0.07,0.11,26.3,1083,86.3,17344,,,,18,127,13,2,,,,,60,34,,31,32,13,19,28,1468,85,439,834,209,4,,,750,,20,2,15,10,982,44,,0,12,138,16,23,41.0,
Rodrigo Muniz,br BRA,FW,Fulham,23,964,8,1,1,0,5.8,0.7,6,27,31,0.75,0.09,0.54,0.07,,1.77,0.21,12.0,92,64.8,1540,,,,7,13,3,0,,,,,10,5,,0,9,2,7,5,311,14,27,161,127,55,,,157,,4,3,47,24,237,11,,3,1,14,67,63,51.5,
Daniel Muñoz,co COL,DF,Crystal Palace,28,2868,4,4,9,0,4.6,4.4,49,83,183,0.13,0.13,0.14,0.14,,0.38,0.13,12.3,1004,75.8,15308,,,,39,53,31,13,,,,,109,70,,37,35,3,32,39,1788,107,508,743,556,89,,,695,,32,15,50,18,846,47,,13,60,149,56,73,43.4,
Arijanet Muric,xk KVX,GK,Ipswich Town,26,1620,0,0,1,0,0.0,0.0,0,1,0,0.0,0.0,0.0,0.0,,0.0,,,454,71.7,11705,,,,0,14,0,0,,,,,0,0,,2,0,0,0,0,689,559,672,18,0,0,,,405,,0,0,3,1,321,0,,0,0,26,11,1,91.7,
Murillo,br BRA,DF,Nott'ham Forest,22,2928,1,0,5,0,1.4,1.1,20,102,5,0.03,0.0,0.04,0.03,,0.15,0.04,22.7,1016,77.9,20093,,,,12,116,12,1,,,,,52,36,,19,66,43,23,30,1729,386,888,762,93,20,,,737,,24,1,18,10,875,25,,0,12,129,42,19,68.9,
Jacob Murphy,eng ENG,FW,Newcastle Utd,30,2084,8,11,3,0,5.6,8.1,69,63,210,0.35,0.48,0.24,0.35,,0.65,0.2,18.1,593,68.2,8970,,,,38,46,34,14,,,,,22,15,,14,31,0,31,11,1112,20,158,409,556,83,,,652,,31,24,30,33,802,11,,3,108,88,4,15,21.1,
Vitaliy Mykolenko,ua UKR,DF,Everton,25,2722,0,1,2,0,0.4,1.6,31,102,83,0.0,0.03,0.01,0.05,,0.0,0.0,20.5,874,74.3,14736,,,,20,96,37,22,,,,,54,32,,25,24,9,15,36,1489,112,471,641,388,26,,,608,,26,1,20,10,753,20,,3,86,77,44,36,55.0,
Iliman Ndiaye,sn SEN,FW,Everton,25,2162,7,0,3,0,5.2,1.6,79,45,106,0.29,0.0,0.22,0.07,,0.54,0.16,17.3,514,80.6,7768,,,,17,34,14,5,,,,,47,25,,25,25,4,21,17,956,32,197,397,410,74,,,552,,40,29,48,38,582,21,,5,35,160,5,17,22.7,
Wilfred Ndidi,ng NGA,MF,Leicester City,28,2057,0,4,8,0,1.8,1.8,16,64,74,0.0,0.18,0.08,0.08,,0.35,0.0,14.5,717,79.3,10136,,,,15,61,10,3,,,,,77,46,,26,45,19,26,24,1226,112,410,588,238,58,,,585,,22,2,34,33,720,38,,3,30,114,53,51,51.0,
Pedro Neto,pt POR,FW,Chelsea,25,1923,4,4,8,0,2.8,5.4,110,56,220,0.19,0.19,0.13,0.25,,0.75,0.08,18.9,618,78.5,10072,,,,42,28,33,21,,,,,21,9,,11,12,2,10,8,1008,11,87,295,642,102,,,655,,51,38,39,24,734,18,,3,131,70,10,26,27.8,
Christopher Nkunku,fr FRA,FW,Chelsea,27,921,3,2,2,0,4.8,2.1,17,25,68,0.29,0.2,0.47,0.21,,1.07,0.12,12.6,299,89.5,3928,,,,14,26,7,0,,,,,12,8,,2,9,2,7,7,448,10,52,183,217,52,,,280,,16,13,18,17,356,16,,3,4,29,16,22,42.1,
Matheus Nunes,pt POR,"DF,MF",Manchester City,26,1494,1,5,4,0,0.9,4.2,59,69,156,0.06,0.3,0.05,0.25,,0.18,0.14,18.3,957,86.3,14863,,,,21,45,25,7,,,,,32,21,,19,14,3,11,13,1267,39,221,494,560,54,,,779,,31,22,29,13,916,28,,6,39,60,13,16,44.8,
Darwin Núñez,uy URU,FW,Liverpool,25,1018,5,2,8,0,5.0,1.2,22,27,67,0.44,0.18,0.44,0.11,,1.06,0.16,14.5,147,70.7,2203,,,,9,9,2,0,,,,,18,15,,10,6,0,6,3,330,10,43,111,186,62,,,178,,17,12,21,17,220,27,,11,2,38,16,29,35.6,
Christian Nørgaard,dk DEN,MF,Brentford,31,2459,5,2,6,1,3.7,0.8,12,126,34,0.18,0.07,0.14,0.03,,0.4,0.15,14.6,1012,81.7,16748,,,,16,124,23,3,,,,,73,45,,26,48,18,30,43,1572,158,543,751,293,51,,,719,,12,4,31,18,940,39,,1,14,175,42,29,59.2,
Jake O'Brien,ie IRL,DF,Everton,23,1301,2,0,4,0,0.7,0.6,7,41,24,0.14,0.0,0.05,0.04,,0.21,0.4,11.5,461,77.2,8367,,,,6,37,8,5,,,,,20,14,,8,15,4,11,4,745,61,302,313,133,18,,,315,,6,2,5,5,386,11,,3,17,50,33,23,58.9,
Dara O'Shea,ie IRL,DF,Ipswich Town,26,2762,0,2,6,0,1.1,0.5,3,70,7,0.0,0.07,0.04,0.02,,0.07,0.0,13.7,1084,77.7,21631,,,,3,81,3,1,,,,,45,28,,11,59,47,12,31,1797,359,1046,643,113,47,,,795,,2,0,11,4,1018,16,,3,6,98,100,77,56.5,
Caleb Okoli,it ITA,DF,Leicester City,23,1124,1,0,4,0,0.6,0.0,3,32,2,0.08,0.0,0.05,0.0,,0.16,0.25,13.5,558,86.4,9738,,,,0,21,1,0,,,,,25,14,,7,24,14,10,15,804,152,450,324,35,10,,,467,,6,0,10,2,483,16,,0,1,44,23,21,52.3,
Amadou Onana,be BEL,MF,Aston Villa,23,1348,3,0,4,0,2.1,0.3,20,58,13,0.2,0.0,0.14,0.02,,0.4,0.18,14.7,589,88.4,9251,,,,7,52,8,1,,,,,46,24,,10,14,6,8,24,836,60,227,490,132,20,,,459,,20,1,10,9,563,30,,0,1,64,25,18,58.1,
André Onana,cm CMR,GK,Manchester Utd,29,2970,0,0,0,0,0.0,0.2,0,1,0,0.0,0.0,0.0,0.01,,0.0,,,920,73.1,21868,,,,1,24,0,0,,,,,1,1,,2,0,0,0,0,1323,1005,1302,22,0,0,,,932,,0,0,1,0,810,0,,0,0,33,6,0,100.0,
Paul Onuachu,ng NGA,FW,Southampton,30,984,4,1,4,0,3.3,0.5,7,12,39,0.37,0.09,0.3,0.04,,1.28,0.13,10.4,151,61.4,2135,,,,8,13,2,0,,,,,7,2,,4,6,1,5,1,410,15,41,220,152,60,,,198,,5,2,46,33,336,26,,9,0,17,88,54,62.0,
Stefan Ortega,de GER,GK,Manchester City,32,1100,0,0,1,0,0.0,0.0,0,0,0,0.0,0.0,0.0,0.0,,0.0,,,373,81.3,8327,,,,0,6,0,0,,,,,0,0,,1,0,0,0,0,492,383,489,3,0,0,,,323,,0,0,0,0,309,1,,0,0,8,2,0,100.0,
Dango Ouattara,bf BFA,FW,Bournemouth,23,1932,7,4,2,0,8.4,5.2,77,41,187,0.33,0.19,0.39,0.24,,0.93,0.11,13.5,354,59.8,5548,,,,32,20,24,10,,,,,34,25,,23,34,9,25,11,930,60,160,298,490,127,,,479,,33,38,60,32,559,15,,14,85,88,43,59,42.2,
Cole Palmer,eng ENG,MF,Chelsea,22,2831,14,8,6,0,15.8,9.3,103,194,165,0.45,0.25,0.5,0.3,,1.27,0.1,20.3,1019,76.9,19338,,,,78,145,61,17,,,,,25,16,,13,14,1,13,8,1650,20,133,735,804,126,,,1046,,66,35,61,34,1219,12,,6,133,93,1,7,12.5,
Emerson Palmieri,it ITA,DF,West Ham,30,2015,2,1,5,0,2.0,1.5,44,64,82,0.09,0.04,0.09,0.07,,0.31,0.13,19.0,827,79.9,12096,,,,16,49,13,5,,,,,57,29,,19,32,8,24,20,1277,82,412,532,348,27,,,533,,25,8,24,7,713,24,,0,63,84,16,18,47.1,
Lucas Paquetá,br BRA,"MF,FW",West Ham,27,2257,4,0,8,0,5.2,3.0,20,140,82,0.16,0.0,0.21,0.12,,0.12,0.05,19.6,1047,77.4,17297,,,,35,121,41,4,,,,,63,35,,25,27,4,23,17,1672,58,338,919,428,56,,,862,,31,2,51,50,1181,49,,6,28,140,47,57,45.2,
Thomas Partey,gh GHA,"MF,DF",Arsenal,31,2437,4,2,4,0,2.0,1.9,31,165,45,0.15,0.07,0.07,0.07,,0.26,0.17,19.5,1486,87.7,23752,,,,17,146,33,2,,,,,79,48,,25,23,7,16,32,1928,64,401,1061,477,27,,,1087,,36,3,20,14,1373,39,,1,12,120,26,21,55.3,
Andreas Pereira,br BRA,MF,Fulham,29,1879,2,4,7,0,3.5,4.5,27,99,78,0.1,0.19,0.17,0.21,,0.38,0.06,22.1,641,68.9,11658,,,,56,64,19,4,,,,,22,12,,30,16,2,14,8,1096,17,156,446,511,39,,,556,,35,8,26,21,648,27,,1,168,97,12,21,36.4,
Kalvin Phillips,eng ENG,MF,Ipswich Town,29,1214,0,0,6,1,0.4,0.2,4,49,4,0.0,0.0,0.03,0.02,,0.15,0.0,24.2,426,79.3,8392,,,,5,48,6,1,,,,,34,19,,23,35,6,29,19,722,60,220,388,118,4,,,302,,5,0,24,10,383,28,,0,18,68,7,21,25.0,
Jordan Pickford,eng ENG,GK,Everton,31,3060,0,1,7,0,0.0,0.4,0,0,0,0.0,0.03,0.0,0.01,,0.0,,,939,66.2,29916,,,,2,66,8,0,,,,,1,0,,1,0,0,0,1,1518,989,1451,68,0,0,,,861,,0,0,2,0,756,0,,0,0,31,4,1,80.0,
Ethan Pinnock,jm JAM,DF,Brentford,31,1913,2,0,2,0,1.1,1.2,3,41,9,0.09,0.0,0.05,0.05,,0.28,0.2,11.1,924,85.6,17045,,,,8,48,4,1,,,,,35,19,,11,29,18,11,24,1348,294,783,457,109,24,,,633,,4,0,2,4,760,8,,0,9,50,63,43,59.4,
Nick Pope,eng ENG,GK,Newcastle Utd,33,2160,0,0,2,0,0.0,0.0,0,1,0,0.0,0.0,0.0,0.0,,0.0,,,484,72.5,12485,,,,1,2,0,0,,,,,0,0,,0,1,0,1,1,747,596,737,10,0,0,,,388,,0,0,0,1,263,2,,0,0,19,11,1,91.7,
Pedro Porro,es ESP,DF,Tottenham,25,2463,2,6,4,0,1.5,4.0,63,147,106,0.07,0.22,0.06,0.15,,0.29,0.05,23.1,1324,73.5,23083,,,,54,120,55,26,,,,,63,46,,31,44,17,27,34,2131,124,623,772,749,30,,,1132,,40,5,23,17,1229,24,,1,191,148,11,22,33.3,
Aaron Ramsdale,eng ENG,GK,Southampton,26,2340,0,0,2,0,0.0,0.0,0,0,0,0.0,0.0,0.0,0.0,,0.0,,,691,64.4,19407,,,,0,32,1,0,,,,,0,0,,2,0,0,0,2,1154,835,1132,25,0,0,,,701,,0,0,2,0,628,1,,0,0,19,5,0,100.0,
Jacob Ramsey,eng ENG,"FW,MF",Aston Villa,23,1485,1,3,2,0,1.4,2.1,57,64,103,0.06,0.18,0.09,0.12,,0.24,0.06,16.1,470,85.5,6225,,,,18,30,20,1,,,,,29,15,,10,21,3,18,7,712,12,134,252,338,66,,,466,,31,19,39,21,542,12,,5,10,74,6,10,37.5,
David Raya,es ESP,GK,Arsenal,29,3060,0,0,2,0,0.0,0.0,0,12,0,0.0,0.0,0.0,0.0,,0.0,,,945,74.7,22291,,,,0,39,1,0,,,,,0,0,,2,0,0,0,2,1321,772,1240,81,0,0,,,821,,0,0,1,0,756,1,,0,0,38,10,0,100.0,
Declan Rice,eng ENG,MF,Arsenal,26,2572,2,7,7,1,2.7,6.5,87,175,88,0.07,0.24,0.09,0.23,,0.35,0.05,19.7,1285,83.6,21932,,,,55,123,34,5,,,,,49,22,,21,24,11,13,24,1806,71,294,846,683,74,,,960,,54,16,36,29,1182,19,,1,155,139,30,23,56.6,
Chris Richards,us USA,DF,Crystal Palace,25,1562,1,0,4,1,1.2,0.1,5,34,1,0.06,0.0,0.07,0.01,,0.29,0.1,11.8,583,81.1,10347,,,,2,20,0,0,,,,,42,27,,15,35,13,22,10,935,111,513,371,56,15,,,433,,5,0,5,5,525,11,,1,1,48,33,35,48.5,
Andrew Robertson,sct SCO,DF,Liverpool,31,2308,0,0,3,1,1.0,4.1,58,165,95,0.0,0.0,0.04,0.16,,0.08,0.0,14.5,1456,83.0,24521,,,,38,144,28,16,,,,,38,22,,17,9,4,5,20,1947,86,500,882,578,50,,,1028,,48,6,25,11,1302,11,,2,136,91,6,12,33.3,
Antonee Robinson,us USA,DF,Fulham,27,2899,0,10,8,0,0.7,4.1,110,120,257,0.0,0.31,0.02,0.13,,0.06,0.0,22.1,1482,76.5,25356,,,,41,109,50,26,,,,,84,56,,43,36,6,30,56,2339,121,741,893,739,65,,,1252,,59,29,40,18,1402,30,,6,158,142,45,25,64.3,
Guido Rodríguez,ar ARG,MF,West Ham,31,1018,0,0,5,0,0.2,0.1,2,31,5,0.0,0.0,0.02,0.01,,0.09,0.0,27.8,419,84.1,7149,,,,3,36,1,0,,,,,30,16,,16,21,9,12,12,617,42,196,366,56,2,,,284,,5,0,2,6,354,15,,1,4,46,8,7,53.3,
Mads Roerslev,dk DEN,DF,Brentford,25,1101,0,2,2,0,0.2,3.0,17,51,54,0.0,0.16,0.02,0.24,,0.16,0.0,20.8,422,78.7,6925,,,,14,37,11,4,,,,,18,8,,17,12,5,7,4,645,49,234,268,146,20,,,352,,13,0,9,6,407,6,,0,31,39,10,14,41.7,
Morgan Rogers,eng ENG,"FW,MF",Aston Villa,22,2763,8,8,9,0,6.1,6.9,102,113,171,0.26,0.26,0.2,0.22,,0.62,0.15,15.8,606,73.9,8871,,,,45,69,51,2,,,,,35,18,,20,24,7,17,5,1229,36,182,535,537,133,,,718,,62,32,102,67,866,46,,2,21,103,11,43,20.4,
Cristian Romero,ar ARG,DF,Tottenham,27,1416,1,0,3,0,1.6,0.6,12,71,3,0.06,0.0,0.1,0.04,,0.51,0.06,9.1,1094,89.5,20402,,,,7,109,8,1,,,,,35,29,,9,18,3,15,21,1377,157,594,720,74,23,,,896,,18,0,10,5,936,14,,2,3,90,41,27,60.3,
Georginio Rutter,fr FRA,"MF,FW",Brighton,23,1656,5,3,2,0,4.6,2.5,42,67,79,0.27,0.16,0.25,0.14,,0.65,0.1,15.5,237,66.8,3344,,,,19,30,16,1,,,,,39,15,,22,20,3,17,10,641,20,83,246,326,79,,,361,,36,16,45,37,411,34,,7,9,66,25,46,35.2,
José Sá,pt POR,GK,Wolves,32,2430,0,0,2,0,0.0,0.1,0,2,0,0.0,0.0,0.0,0.01,,0.0,,,544,63.8,14150,,,,2,18,1,0,,,,,2,2,,0,0,0,0,0,911,725,903,9,0,0,,,565,,0,0,1,0,450,4,,0,0,31,9,1,90.0,
Bukayo Saka,eng ENG,"FW,MF",Arsenal,23,1454,6,10,3,0,5.9,6.7,79,61,222,0.37,0.62,0.36,0.42,,1.18,0.09,15.9,470,75.1,7266,,,,49,13,32,10,,,,,23,13,,10,19,0,19,2,840,6,46,180,621,139,,,535,,27,43,28,37,610,13,,5,109,61,8,19,29.6,
Mohamed Salah,eg EGY,FW,Liverpool,32,3011,28,18,1,0,23.9,12.8,142,129,425,0.84,0.54,0.71,0.38,,1.4,0.17,14.8,811,71.3,12057,,,,80,49,82,13,,,,,20,11,,9,11,0,11,7,1526,10,88,464,993,320,,,1046,,54,113,105,62,1276,22,,16,67,93,9,12,42.9,
William Saliba,fr FRA,DF,Arsenal,24,2814,2,0,2,1,2.3,0.9,16,134,6,0.06,0.0,0.07,0.03,,0.06,0.33,5.4,2273,94.2,39201,,,,7,175,6,0,,,,,58,34,,6,23,14,9,21,2657,173,1036,1495,141,18,,,1642,,17,1,17,7,2013,27,,1,3,140,57,35,62.0,
Robert Sánchez,es ESP,GK,Chelsea,27,2520,0,0,5,0,0.0,0.1,0,1,0,0.0,0.0,0.0,0.0,,0.0,,,790,72.1,18908,,,,2,24,1,0,,,,,0,0,,1,0,0,0,2,1163,856,1152,11,0,0,,,777,,0,0,0,0,724,2,,0,0,41,8,0,100.0,
Jadon Sancho,eng ENG,FW,Chelsea,25,1668,3,4,1,0,2.0,3.4,96,86,214,0.16,0.22,0.11,0.18,,0.38,0.13,15.3,624,82.5,8433,,,,35,25,46,0,,,,,10,6,,7,9,0,9,2,915,11,114,267,544,116,,,619,,32,55,29,21,715,6,,5,23,97,5,10,33.3,
Ismaila Sarr,sn SEN,"MF,FW",Crystal Palace,27,2392,7,4,4,0,8.7,7.0,67,76,164,0.26,0.15,0.33,0.26,,0.9,0.15,13.3,438,66.6,6582,,,,37,26,36,8,,,,,21,10,,16,22,7,15,8,954,39,156,367,441,118,,,526,,42,26,61,41,650,12,,11,50,99,31,46,40.3,
Sávio,br BRA,"FW,MF",Manchester City,21,1734,1,8,3,0,4.9,6.8,133,66,239,0.05,0.42,0.25,0.35,,1.09,0.02,17.7,676,80.9,10078,,,,44,19,47,8,,,,,22,16,,9,13,2,11,6,1071,14,55,281,754,149,,,766,,44,73,42,37,834,17,,3,81,79,1,2,33.3,
Kevin Schade,de GER,FW,Brentford,23,1998,8,2,3,0,6.5,3.4,56,32,144,0.36,0.09,0.29,0.15,,0.9,0.17,11.9,287,58.9,4447,,,,20,29,9,3,,,,,34,23,,8,15,2,13,5,780,37,128,217,450,124,,,395,,26,34,52,34,484,19,,13,36,76,76,63,54.7,
Fabian Schär,ch SUI,DF,Newcastle Utd,33,2575,4,0,7,1,2.1,0.4,14,95,17,0.14,0.0,0.07,0.01,,0.35,0.14,21.8,1458,83.6,29169,,,,5,139,10,0,,,,,32,19,,20,36,24,12,40,2034,237,1061,857,127,31,,,1284,,23,2,11,6,1417,31,,4,9,123,40,61,39.6,
Matz Sels,be BEL,GK,Nott'ham Forest,33,3060,0,0,3,0,0.0,0.0,0,1,0,0.0,0.0,0.0,0.0,,0.0,,,454,50.5,17261,,,,1,39,2,0,,,,,1,1,,0,0,0,0,0,990,757,975,15,0,0,,,483,,0,0,0,0,383,0,,0,0,11,14,2,87.5,
Nélson Semedo,pt POR,DF,Wolves,31,2661,0,4,7,0,0.8,2.7,61,70,109,0.0,0.14,0.03,0.09,,0.2,0.0,23.4,973,80.1,14811,,,,21,63,25,11,,,,,58,34,,23,28,10,18,23,1551,116,446,707,416,24,,,790,,36,9,40,19,882,44,,4,58,121,27,41,39.7,
Antoine Semenyo,gh GHA,FW,Bournemouth,25,2907,9,4,9,0,9.3,5.7,132,106,259,0.28,0.12,0.29,0.18,,1.15,0.08,17.2,728,73.3,10406,,,,44,48,44,8,,,,,53,34,,26,59,8,51,10,1485,44,181,520,817,176,,,898,,64,64,78,71,1032,65,,14,52,147,60,72,45.5,
Marcos Senesi,ar ARG,DF,Bournemouth,27,1014,0,0,5,0,0.8,0.2,12,51,5,0.0,0.0,0.07,0.02,,0.0,0.0,6.0,493,76.6,10211,,,,3,73,12,3,,,,,35,21,,16,15,7,8,11,783,67,349,376,67,12,,,483,,14,0,6,5,493,19,,0,10,67,23,27,46.0,
Bernardo Silva,pt POR,"MF,FW",Manchester City,30,2401,3,4,7,0,3.2,4.4,94,115,184,0.11,0.15,0.12,0.16,,0.37,0.11,12.9,1370,87.1,20876,,,,47,75,33,7,,,,,52,34,,28,33,7,26,20,1816,48,318,739,777,131,,,1137,,60,31,21,32,1346,26,,3,54,93,5,10,33.3,
Oliver Skipp,eng ENG,MF,Leicester City,24,907,0,0,7,0,0.2,0.3,15,29,18,0.0,0.0,0.02,0.03,,0.1,0.0,21.0,352,84.6,5339,,,,9,28,4,0,,,,,17,4,,6,15,3,12,9,503,23,111,316,80,7,,,295,,7,3,11,5,350,17,,0,4,37,10,5,66.7,
Adam Smith,eng ENG,DF,Bournemouth,34,1409,0,0,6,0,0.7,0.3,12,40,31,0.0,0.0,0.04,0.02,,0.0,0.0,16.9,436,75.7,7088,,,,7,41,8,5,,,,,21,10,,13,12,5,7,14,707,39,217,332,162,6,,,305,,15,0,10,6,333,15,,0,30,43,12,13,48.0,
Emile Smith Rowe,eng ENG,MF,Fulham,24,1852,6,2,2,0,4.4,1.1,50,120,113,0.29,0.1,0.21,0.05,,0.49,0.18,15.4,834,90.0,11939,,,,18,74,15,1,,,,,30,17,,16,20,2,18,11,1112,20,153,525,444,55,,,721,,38,11,32,13,853,17,,4,13,69,6,17,26.1,
Dominic Solanke,eng ENG,FW,Tottenham,27,2119,8,3,0,0,10.1,2.9,29,45,88,0.34,0.13,0.43,0.13,,1.02,0.14,12.1,250,71.0,3344,,,,14,27,9,0,,,,,18,11,,10,18,7,11,0,636,31,68,290,284,111,,,374,,21,14,67,47,448,36,,5,4,37,44,59,42.7,
Carlos Soler,es ESP,"MF,FW",West Ham,28,1347,1,1,5,0,1.7,1.2,16,52,33,0.07,0.07,0.11,0.08,,0.47,0.04,19.1,530,85.1,8264,,,,14,41,11,0,,,,,13,10,,16,19,6,13,8,738,26,172,384,187,22,,,338,,16,4,11,14,502,24,,0,31,63,9,11,45.0,
Tomáš Souček,cz CZE,MF,West Ham,30,2251,8,1,8,0,5.9,1.0,6,68,62,0.32,0.04,0.24,0.04,,0.56,0.16,11.2,623,73.8,10461,,,,14,58,8,1,,,,,40,19,,17,34,17,17,18,1115,110,309,544,266,96,,,433,,10,3,17,10,666,41,,4,11,52,90,65,58.1,
Boubakary Soumaré,fr FRA,MF,Leicester City,26,1953,0,0,8,0,0.3,0.4,31,94,21,0.0,0.0,0.01,0.02,,0.0,0.0,23.4,982,86.7,14896,,,,11,90,13,2,,,,,33,18,,12,19,7,12,24,1318,62,348,833,150,17,,,787,,16,3,20,21,925,21,,0,8,130,19,9,67.9,
Djed Spence,eng ENG,DF,Tottenham,24,1514,1,2,4,1,0.6,1.7,53,98,68,0.06,0.12,0.03,0.1,,0.18,0.1,23.9,875,86.0,12585,,,,10,73,17,7,,,,,39,30,,6,22,9,13,17,1234,67,415,562,277,24,,,709,,40,7,25,27,776,19,,2,23,91,17,12,58.6,
Jack Stephens,eng ENG,DF,Southampton,31,1164,1,0,2,2,0.6,0.2,13,50,2,0.08,0.0,0.04,0.01,,0.15,0.25,11.0,751,91.9,12975,,,,3,46,5,0,,,,,31,18,,11,14,9,5,11,935,106,387,458,94,11,,,520,,11,1,2,3,655,12,,1,1,41,6,8,42.9,
Jørgen Strand Larsen,no NOR,FW,Wolves,25,2463,13,2,4,0,10.0,2.4,16,28,106,0.48,0.07,0.37,0.09,,1.17,0.25,11.4,272,63.1,3547,,,,19,18,4,1,,,,,9,6,,23,18,4,14,5,695,34,83,329,284,104,,,328,,13,9,88,32,507,46,,14,6,42,66,96,40.7,
Yukinari Sugawara,jp JPN,"DF,MF",Southampton,24,1467,1,1,4,0,0.5,2.2,32,68,76,0.06,0.06,0.03,0.14,,0.31,0.08,19.2,689,79.9,10831,,,,17,43,21,9,,,,,29,16,,12,17,7,10,10,1023,61,306,395,327,29,,,553,,15,7,18,4,692,15,,4,69,40,5,9,35.7,
Kamaldeen Sulemana,gh GHA,"FW,MF",Southampton,23,1122,1,1,1,0,1.3,0.7,56,25,72,0.08,0.08,0.11,0.06,,0.64,0.04,18.5,235,79.1,3417,,,,9,6,11,6,,,,,16,14,,5,9,0,9,6,483,13,64,178,259,48,,,313,,34,23,37,22,338,18,,2,24,51,8,20,28.6,
Sammie Szmodics,ie IRL,"FW,MF",Ipswich Town,29,979,4,0,2,0,3.4,0.2,16,18,46,0.37,0.0,0.31,0.02,,1.1,0.19,14.0,144,74.2,2402,,,,4,10,4,1,,,,,15,9,,17,10,2,8,6,309,17,80,119,116,33,,,174,,8,7,24,17,189,9,,8,13,41,6,11,35.3,
Dominik Szoboszlai,hu HUN,MF,Liverpool,24,2257,5,5,6,0,7.1,6.2,65,114,120,0.2,0.2,0.28,0.25,,0.8,0.08,18.5,1015,84.5,15678,,,,51,78,31,5,,,,,31,20,,24,35,4,31,9,1435,23,183,696,574,96,,,732,,46,17,34,21,980,37,,4,34,120,18,22,45.0,
James Tarkowski,eng ENG,DF,Everton,32,2922,1,1,6,0,1.3,2.9,9,75,3,0.03,0.03,0.04,0.09,,0.12,0.07,8.4,1045,81.0,22119,,,,16,83,11,0,,,,,64,40,,15,57,42,15,41,1706,355,974,635,106,57,,,727,,10,0,13,7,927,35,,2,1,98,102,33,75.6,
Marcus Tavernier,eng ENG,"FW,MF",Bournemouth,26,1580,3,5,5,0,5.2,2.8,39,99,103,0.17,0.28,0.3,0.16,,0.85,0.06,20.5,530,72.4,8961,,,,36,61,29,9,,,,,39,23,,16,15,3,12,4,956,18,108,358,511,49,,,540,,37,7,36,43,612,25,,4,89,96,24,31,43.6,
Kenny Tete,nl NED,DF,Fulham,29,1438,0,2,3,0,1.2,0.9,33,46,45,0.0,0.13,0.08,0.05,,0.13,0.0,16.1,645,81.2,10261,,,,7,56,7,5,,,,,49,34,,12,20,6,14,28,997,57,320,407,278,32,,,520,,20,7,16,10,575,25,,0,26,61,18,12,60.0,
Youri Tielemans,be BEL,MF,Aston Villa,27,2915,2,7,4,0,3.0,6.9,37,226,44,0.06,0.22,0.09,0.21,,0.34,0.06,20.4,1639,82.4,28103,,,,59,221,35,4,,,,,82,56,,33,36,15,21,21,2296,97,460,1324,537,41,,,1242,,26,9,30,28,1610,40,,0,115,140,22,18,55.0,
Jurriën Timber,nl NED,DF,Arsenal,23,2417,1,3,7,0,1.2,0.8,57,146,104,0.04,0.11,0.05,0.03,,0.15,0.07,14.1,1194,85.6,17327,,,,17,107,17,2,,,,,58,38,,9,19,4,15,22,1661,51,304,859,505,66,,,890,,27,11,33,24,1052,31,,6,28,94,22,20,52.4,
Jean-Clair Todibo,fr FRA,DF,West Ham,25,1485,0,0,2,0,0.2,0.0,9,28,5,0.0,0.0,0.01,0.0,,0.0,0.0,14.6,761,87.9,13519,,,,2,40,1,0,,,,,36,22,,7,23,12,11,20,1044,142,583,432,38,9,,,604,,5,0,9,8,714,10,,0,2,62,23,23,50.0,
Sandro Tonali,it ITA,MF,Newcastle Utd,24,2270,3,2,5,0,3.6,1.4,33,113,47,0.12,0.08,0.14,0.05,,0.4,0.1,19.5,1090,83.7,17149,,,,20,87,25,4,,,,,46,29,,22,30,10,20,30,1556,60,357,860,365,40,,,839,,33,5,25,23,1076,36,,2,30,162,12,11,52.2,
Pau Torres,es ESP,DF,Aston Villa,28,1729,0,0,1,0,0.5,0.1,33,74,4,0.0,0.0,0.03,0.0,,0.1,0.0,11.7,1032,88.3,17916,,,,2,93,7,0,,,,,20,14,,6,14,10,4,9,1293,209,626,595,78,15,,,803,,20,0,3,3,923,6,,0,1,53,16,22,42.1,
Adama Traoré,es ESP,"FW,MF",Fulham,29,1568,2,6,2,0,3.8,4.7,87,61,143,0.11,0.34,0.22,0.27,,0.63,0.06,14.4,383,72.0,5972,,,,37,32,32,17,,,,,17,12,,8,7,0,7,1,725,4,74,258,415,86,,,483,,42,33,32,19,548,20,,1,90,78,24,25,49.0,
Kieran Trippier,eng ENG,DF,Newcastle Utd,34,1192,0,3,1,0,0.1,1.3,25,106,52,0.0,0.23,0.01,0.1,,0.0,0.0,22.2,942,82.1,16029,,,,19,65,17,2,,,,,36,19,,13,9,3,6,11,1267,45,354,550,371,12,,,562,,13,4,11,7,780,16,,2,74,61,19,14,57.6,
Leandro Trossard,be BEL,FW,Arsenal,30,2264,8,5,4,1,6.6,5.1,71,91,202,0.32,0.2,0.26,0.2,,0.8,0.12,16.0,616,73.6,10098,,,,36,40,41,9,,,,,25,16,,22,28,0,28,9,1118,15,117,350,667,137,,,710,,47,27,53,42,836,24,,5,78,90,6,21,22.2,
Axel Tuanzebe,cd COD,DF,Ipswich Town,27,1445,0,1,5,1,0.2,0.3,9,45,8,0.0,0.06,0.01,0.02,,0.0,0.0,15.7,535,83.1,8240,,,,4,49,2,0,,,,,29,17,,8,18,9,9,21,789,89,343,347,105,6,,,338,,6,1,11,1,407,12,,0,6,43,15,16,48.4,
Destiny Udogie,it ITA,DF,Tottenham,22,1834,0,1,2,0,0.3,1.5,54,120,93,0.0,0.05,0.01,0.07,,0.05,0.0,15.1,947,87.4,13710,,,,16,88,6,1,,,,,74,47,,14,40,6,34,21,1336,60,377,591,383,49,,,735,,39,12,32,19,796,29,,2,19,109,13,13,50.0,
Manuel Ugarte Ribeiro,uy URU,MF,Manchester Utd,24,1616,1,1,9,0,1.0,1.1,12,55,19,0.06,0.06,0.05,0.06,,0.17,0.06,22.0,715,87.5,11713,,,,9,52,9,3,,,,,70,43,,35,27,3,24,25,1047,40,300,575,190,15,,,599,,12,1,29,24,650,35,,0,7,111,17,18,48.6,
Lesley Ugochukwu,fr FRA,MF,Southampton,21,1447,1,1,5,0,0.8,1.0,27,48,20,0.06,0.06,0.05,0.06,,0.06,0.11,18.4,536,84.5,8330,,,,14,50,6,1,,,,,46,22,,15,25,9,16,12,793,45,191,446,162,23,,,431,,14,6,12,10,538,26,,0,6,59,18,17,51.4,
Virgil van Dijk,nl NED,DF,Liverpool,33,3060,2,1,3,0,2.0,0.7,18,176,6,0.06,0.03,0.06,0.02,,0.21,0.08,13.6,2446,91.6,44780,,,,12,265,6,0,,,,,35,17,,9,24,13,11,52,3010,400,1203,1664,151,44,,,1682,,20,3,9,5,2063,15,,0,1,108,110,45,71.0,
Jamie Vardy,eng ENG,FW,Leicester City,38,2571,7,3,5,0,10.2,2.9,27,20,108,0.25,0.11,0.36,0.1,,0.7,0.12,12.2,238,66.9,3417,,,,18,10,9,1,,,,,18,13,,9,8,4,4,3,541,28,54,252,240,101,,,257,,11,14,33,12,350,21,,25,11,34,49,51,49.0,
Joël Veltman,nl NED,DF,Brighton,33,1643,0,0,4,0,0.5,0.5,29,79,32,0.0,0.0,0.03,0.03,,0.05,0.0,19.7,716,80.0,12082,,,,6,61,8,5,,,,,42,28,,21,22,7,15,18,1097,64,327,540,240,10,,,524,,22,3,19,7,598,26,,0,23,67,21,18,53.8,
Micky van de Ven,nl NED,DF,Tottenham,24,950,0,2,4,0,0.6,1.2,8,51,1,0.0,0.19,0.05,0.11,,0.19,0.0,11.1,706,91.0,13313,,,,2,50,1,0,,,,,10,6,,6,9,6,3,10,862,101,442,393,36,9,,,599,,10,1,5,4,629,10,,0,0,61,19,18,51.4,
Bart Verbruggen,nl NED,GK,Brighton,22,2880,0,1,5,0,0.0,0.0,0,2,0,0.0,0.03,0.0,0.0,,0.0,,,919,78.0,21660,,,,1,17,1,0,,,,,0,0,,3,1,0,1,0,1258,999,1245,13,0,0,,,853,,1,1,2,0,815,0,,0,0,58,10,1,90.9,
Jannik Vestergaard,dk DEN,DF,Leicester City,32,1391,0,0,5,0,0.1,0.1,3,32,2,0.0,0.0,0.01,0.01,,0.13,0.0,9.7,870,90.7,14697,,,,3,34,1,0,,,,,22,10,,6,21,14,7,16,1092,196,572,497,28,10,,,672,,3,0,2,0,757,12,,0,0,46,26,19,57.8,
Guglielmo Vicario,it ITA,GK,Tottenham,28,1980,0,0,1,0,0.0,0.0,0,1,0,0.0,0.0,0.0,0.0,,0.0,,,709,88.8,13716,,,,0,1,0,0,,,,,0,0,,0,0,0,0,1,848,568,830,18,0,0,,,606,,0,0,0,0,549,0,,0,0,31,9,0,100.0,
Kyle Walker,eng ENG,DF,Manchester City,34,970,0,0,3,0,0.1,0.4,12,64,11,0.0,0.0,0.01,0.04,,0.19,0.0,27.7,724,87.7,11928,,,,7,63,7,4,,,,,17,10,,12,13,4,9,3,892,26,197,473,228,5,,,499,,13,0,9,2,630,6,,1,14,46,9,7,56.3,
Kyle Walker-Peters,eng ENG,DF,Southampton,28,2828,0,2,5,0,0.8,2.7,112,134,139,0.0,0.06,0.03,0.09,,0.19,0.0,18.3,1450,88.0,21806,,,,23,117,29,4,,,,,43,28,,18,25,14,11,18,1970,149,603,854,529,58,,,1228,,69,23,32,38,1391,28,,2,51,130,11,21,34.4,
Aaron Wan-Bissaka,eng ENG,DF,West Ham,27,2794,2,2,1,0,1.2,2.9,98,125,139,0.06,0.06,0.04,0.09,,0.16,0.13,15.3,1277,81.1,18273,,,,29,89,30,11,,,,,61,43,,7,31,9,22,59,1960,136,620,838,531,40,,,933,,57,12,28,21,1135,22,,4,64,155,22,29,43.1,
Ollie Watkins,eng ENG,FW,Aston Villa,29,2263,15,7,2,0,14.5,2.9,50,28,143,0.6,0.28,0.58,0.12,,1.27,0.17,12.2,277,73.7,3489,,,,22,11,11,0,,,,,9,6,,8,11,3,8,7,620,17,46,223,360,153,,,363,,21,35,51,44,486,27,,12,7,39,46,61,43.0,
Danny Welbeck,eng ENG,FW,Brighton,34,1852,9,4,4,0,8.1,1.1,19,40,80,0.44,0.19,0.39,0.05,,0.97,0.17,15.2,352,84.0,4120,,,,17,15,12,0,,,,,22,13,,11,16,2,14,5,625,15,48,266,315,90,,,379,,20,7,44,23,462,11,,3,3,37,15,24,38.5,
Adam Wharton,eng ENG,MF,Crystal Palace,20,1258,0,2,2,0,0.3,3.0,14,105,10,0.0,0.14,0.02,0.21,,0.36,0.0,25.8,521,75.6,9826,,,,25,73,18,5,,,,,34,14,,26,10,2,8,18,827,27,196,439,198,10,,,413,,22,2,14,13,509,12,,0,35,96,7,16,30.4,
Neco Williams,wls WAL,DF,Nott'ham Forest,24,2234,1,2,6,0,2.2,1.5,57,76,82,0.04,0.08,0.09,0.06,,0.24,0.03,19.7,695,75.6,10453,,,,15,54,18,7,,,,,73,44,,27,39,9,30,24,1301,140,478,461,380,36,,,528,,26,14,25,17,601,22,,1,43,94,35,28,55.6,
Joe Willock,eng ENG,"MF,FW",Newcastle Utd,25,953,0,2,2,0,1.5,1.9,34,35,76,0.0,0.19,0.14,0.18,,0.28,0.0,15.7,262,81.9,3708,,,,21,23,8,0,,,,,25,14,,10,22,5,17,5,472,12,70,198,212,47,,,282,,23,12,33,22,327,20,,3,16,35,5,13,27.8,
Harry Wilson,wls WAL,"FW,MF",Fulham,28,937,5,1,2,0,3.2,1.1,16,46,79,0.48,0.1,0.31,0.1,,0.86,0.17,17.7,279,73.6,4685,,,,19,23,13,1,,,,,13,8,,6,13,1,12,5,486,7,63,175,257,45,,,287,,18,8,13,5,326,10,,1,35,44,4,18,18.2,
Harry Winks,eng ENG,MF,Leicester City,29,1538,0,2,4,0,0.2,1.2,19,101,11,0.0,0.12,0.01,0.07,,0.23,0.0,29.2,910,87.1,14101,,,,17,110,7,5,,,,,24,11,,17,19,7,12,9,1158,49,275,746,151,1,,,696,,13,0,13,8,827,9,,0,34,106,8,6,57.1,
Yoane Wissa,cd COD,FW,Brentford,28,2560,17,3,2,0,15.3,1.8,50,57,132,0.6,0.11,0.54,0.06,,1.23,0.22,13.6,399,76.7,5784,,,,23,41,9,1,,,,,21,11,,15,28,7,21,8,822,31,126,334,375,140,,,483,,21,27,65,29,584,26,,14,20,63,28,34,45.2,
Chris Wood,nz NZL,FW,Nott'ham Forest,33,2599,19,3,1,0,11.4,2.4,13,34,79,0.66,0.1,0.4,0.08,,1.04,0.3,14.2,277,66.1,3819,,,,18,15,8,1,,,,,4,4,,7,11,7,4,5,662,33,79,318,267,85,,,327,,10,5,67,24,486,22,,26,1,42,82,123,40.0,
Luke Woolfenden,eng ENG,DF,Ipswich Town,26,1097,0,0,2,0,0.0,0.0,7,15,0,0.0,0.0,0.0,0.0,,0.0,0.0,12.9,450,87.7,8278,,,,0,27,0,0,,,,,9,6,,3,21,14,7,18,638,139,365,264,9,3,,,341,,3,0,4,0,399,5,,1,0,35,15,12,55.6,
Yehor Yarmoliuk,ua UKR,MF,Brentford,21,1129,0,0,5,0,0.6,0.4,14,48,43,0.0,0.0,0.05,0.03,,0.16,0.0,15.9,499,85.6,8728,,,,8,58,6,3,,,,,37,23,,23,23,6,17,10,748,51,209,387,167,15,,,386,,15,3,24,16,462,12,,2,13,89,8,6,57.1,
Ryan Yates,eng ENG,MF,Nott'ham Forest,27,1859,2,1,9,0,2.3,1.1,17,47,14,0.1,0.05,0.11,0.06,,0.44,0.06,19.3,588,81.7,8670,,,,17,46,4,0,,,,,41,21,,20,35,9,26,26,993,75,263,484,256,40,,,407,,18,1,23,18,523,51,,6,5,93,43,30,58.9,
Leny Yoro,fr FRA,DF,Manchester Utd,19,1069,0,0,5,0,0.7,0.0,19,48,4,0.0,0.0,0.06,0.0,,0.08,0.0,8.6,642,92.2,10301,,,,1,43,4,1,,,,,25,10,,6,5,3,2,17,814,80,378,377,61,13,,,553,,11,1,3,2,588,9,,1,1,41,16,15,51.6,
Ashley Young,eng ENG,"DF,FW",Everton,39,1613,1,3,6,1,0.3,1.6,20,82,26,0.06,0.17,0.01,0.09,,0.17,0.17,24.5,606,70.0,11151,,,,19,71,18,9,,,,,50,28,,19,10,3,7,23,1034,51,314,448,277,9,,,409,,24,1,8,1,528,24,,0,64,61,10,10,50.0,
Illia Zabarnyi,ua UKR,DF,Bournemouth,22,2752,0,0,3,1,1.1,0.6,24,125,4,0.0,0.0,0.03,0.02,,0.0,0.0,9.8,1216,81.3,25696,,,,11,131,6,0,,,,,46,32,,13,33,20,13,35,1809,214,842,920,67,13,,,1124,,20,0,14,3,1128,17,,0,5,140,70,40,63.6,
Joshua Zirkzee,nl NED,"FW,MF",Manchester Utd,23,1402,3,1,2,0,4.8,1.5,14,44,69,0.19,0.06,0.31,0.1,,0.71,0.11,13.1,292,71.2,3600,,,,12,26,6,0,,,,,14,8,,5,15,4,11,6,587,16,71,303,219,56,,,327,,21,4,41,30,418,9,,3,4,57,21,54,28.0,
Martin Ødegaard,no NOR,MF,Arsenal,26,2040,2,6,4,0,4.4,4.6,79,231,142,0.09,0.26,0.2,0.2,,0.57,0.02,18.7,1099,82.6,17070,,,,56,115,78,5,,,,,19,11,,20,4,0,4,4,1494,6,98,625,785,104,,,1031,,72,23,28,38,1188,10,,1,80,86,8,7,53.3,
