Team,Median of Standard_Gls,Mean of Standard_Gls,Std of Standard_Gls,Median of Standard_Ast,Mean of Standard_Ast,Std of Standard_Ast,Median of Standard_CrdY,Mean of Standard_CrdY,Std of Standard_CrdY,Median of Standard_CrdR,Mean of Standard_CrdR,Std of Standard_CrdR,Median of Standard_xG,Mean of Standard_xG,Std of Standard_xG,Median of Standard_xAG,Mean of Standard_xAG,Std of Standard_xAG,Median of Standard_PrgC,Mean of Standard_PrgC,Std of Standard_PrgC,Median of Standard_PrgP,Mean of Standard_PrgP,Std of Standard_PrgP,Median of Standard_PrgR,Mean of Standard_PrgR,Std of Standard_PrgR,Median of Standard_Gls/90,Mean of Standard_Gls/90,Std of Standard_Gls/90,Median of Standard_Ast/90,Mean of Standard_Ast/90,Std of Standard_Ast/90,Median of Standard_xG/90,Mean of Standard_xG/90,Std of Standard_xG/90,Median of Standard_xAG/90,Mean of Standard_xAG/90,Std of Standard_xAG/90,Median of Shooting_SoT%,Mean of Shooting_SoT%,Std of Shooting_SoT%,Median of Shooting_SoT/90,Mean of Shooting_SoT/90,Std of Shooting_SoT/90,Median of Shooting_G/Sh,Mean of Shooting_G/Sh,Std of Shooting_G/Sh,Median of Shooting_Dist,Mean of Shooting_Dist,Std of Shooting_Dist,Median of Passing_Cmp,Mean of Passing_Cmp,Std of Passing_Cmp,Median of Passing_Total_Cmp%,Mean of Passing_Total_Cmp%,Std of Passing_Total_Cmp%,Median of Passing_TotDist,Mean of Passing_TotDist,Std of Passing_TotDist,Median of Passing_Short_Cmp%,Mean of Passing_Short_Cmp%,Std of Passing_Short_Cmp%,Median of Passing_Medium_Cmp%,Mean of Passing_Medium_Cmp%,Std of Passing_Medium_Cmp%,Median of Passing_Long_Cmp%,Mean of Passing_Long_Cmp%,Std of Passing_Long_Cmp%,Median of Passing_KP,Mean of Passing_KP,Std of Passing_KP,Median of Passing_1/3,Mean of Passing_1/3,Std of Passing_1/3,Median of Passing_PPA,Mean of Passing_PPA,Std of Passing_PPA,Median of Passing_CrsPA,Mean of Passing_CrsPA,Std of Passing_CrsPA,Median of Goalkeeping_GA90,Mean of Goalkeeping_GA90,Std of Goalkeeping_GA90,Median of Goalkeeping_Save%,Mean of Goalkeeping_Save%,Std of Goalkeeping_Save%,Median of Goalkeeping_CS%,Mean of Goalkeeping_CS%,Std of Goalkeeping_CS%,Median of Goalkeeping_Penalty_Save%,Mean of Goalkeeping_Penalty_Save%,Std of Goalkeeping_Penalty_Save%,Median of Defense_Tkl,Mean of Defense_Tkl,Std of Defense_Tkl,Median of Defense_TklW,Mean of Defense_TklW,Std of Defense_TklW,Median of Defense_Att,Mean of Defense_Att,Std of Defense_Att,Median of Defense_Lost,Mean of Defense_Lost,Std of Defense_Lost,Median of Defense_Blocks,Mean of Defense_Blocks,Std of Defense_Blocks,Median of Defense_Sh,Mean of Defense_Sh,Std of Defense_Sh,Median of Defense_Pass,Mean of Defense_Pass,Std of Defense_Pass,Median of Defense_Int,Mean of Defense_Int,Std of Defense_Int,Median of Possession_Touches,Mean of Possession_Touches,Std of Possession_Touches,Median of Possession_Def Pen,Mean of Possession_Def Pen,Std of Possession_Def Pen,Median of Possession_Def 3rd,Mean of Possession_Def 3rd,Std of Possession_Def 3rd,Median of Possession_Mid 3rd,Mean of Possession_Mid 3rd,Std of Possession_Mid 3rd,Median of Possession_Att 3rd,Mean of Possession_Att 3rd,Std of Possession_Att 3rd,Median of Possession_Att Pen,Mean of Possession_Att Pen,Std of Possession_Att Pen,Median of Possession_Succ%,Mean of Possession_Succ%,Std of Possession_Succ%,Median of Possession_Tkld%,Mean of Possession_Tkld%,Std of Possession_Tkld%,Median of Possession_Carries,Mean of Possession_Carries,Std of Possession_Carries,Median of Possession_PrgDist,Mean of Possession_PrgDist,Std of Possession_PrgDist,Median of Possession_1/3,Mean of Possession_1/3,Std of Possession_1/3,Median of Possession_CPA,Mean of Possession_CPA,Std of Possession_CPA,Median of Possession_Mis,Mean of Possession_Mis,Std of Possession_Mis,Median of Possession_Dis,Mean of Possession_Dis,Std of Possession_Dis,Median of Possession_Rec,Mean of Possession_Rec,Std of Possession_Rec,Median of Misc_Fls,Mean of Misc_Fls,Std of Misc_Fls,Median of Misc_Fld,Mean of Misc_Fld,Std of Misc_Fld,Median of Misc_Off,Mean of Misc_Off,Std of Misc_Off,Median of Misc_Crs,Mean of Misc_Crs,Std of Misc_Crs,Median of Misc_Recov,Mean of Misc_Recov,Std of Misc_Recov,Median of Misc_Won,Mean of Misc_Won,Std of Misc_Won,Median of Misc_Lost,Mean of Misc_Lost,Std of Misc_Lost,Median of Misc_Won%,Mean of Misc_Won%,Std of Misc_Won%
all,1.0,2.008281573498965,3.5152208673535745,1.0,1.494824016563147,2.2187138156906427,2.0,2.9440993788819876,2.6012647271999665,0.0,0.09109730848861283,0.3088988555491032,0.9,2.032298136645963,3.077692509111278,0.9,1.503312629399586,1.864571802819407,15.0,26.25672877846791,30.627942847224368,38.0,51.75776397515528,49.81939702867773,25.0,51.113871635610764,63.89044592924227,0.03,0.12126293995859212,0.18647266053172123,0.04,0.08968944099378882,0.12488379175975028,0.07,0.1331055900621118,0.16065311213159253,0.07,0.09734989648033127,0.1017156547139607,0,0,0,0.23,0.40153209109730853,0.4712349500168706,0.06,0.07888631090487239,0.10030958391961543,16.3,16.763573085846865,5.115325377236024,452.0,555.768115942029,457.61103459302393,80.1,79.29399585921325,8.243605920002373,7325.0,9548.848861283645,8279.849326856736,0,0,0,0,0,0,0,0,0,8.0,13.701863354037267,15.317461378333057,29.0,43.4472049689441,44.90052175871443,6.0,11.693581780538302,14.360117235585173,1.0,2.772256728778468,4.28181240956643,0,0,0,0,0,0,0,0,0,0,0,0,17.0,24.73706004140787,22.510836792119694,10.0,14.770186335403727,13.836590095969429,0,0,0,8.0,11.062111801242237,10.32683092845133,12.0,15.31055900621118,13.64239609686023,2.0,5.190476190476191,7.308336084827296,8.0,10.120082815734989,9.316366181688094,7.0,11.221532091097309,11.688141316751697,747.0,839.9420289855072,618.9254145949731,31.0,95.01863354037268,175.3587244042478,158.0,278.2153209109731,306.1104389654506,278.0,356.7391304347826,314.3738726514678,141.0,213.26915113871635,209.6758860715756,20.0,34.75155279503105,41.00901090979387,0,0,0,0,0,0,402.0,471.42857142857144,357.6595030120728,0,0,0,13.0,17.627329192546583,18.27844337545136,2.0,8.173913043478262,14.29123511269634,13.0,19.053830227743273,19.339862753275057,8.0,13.24223602484472,14.760653258456275,484.0,549.9068322981367,419.0708671772691,12.0,15.474120082815736,13.724348120400784,0,0,0,1.0,2.383022774327122,3.9698398189696436,9.0,24.60248447204969,35.83716275709466,45.0,58.302277432712216,46.23209236122831,10.0,18.17184265010352,21.139368449999072,13.0,18.115942028985508,18.39411253716328,50.0,49.08361344537815,21.689658568319164
Arsenal,2.0,2.772727272727273,2.8103858095052354,1.5,2.272727272727273,2.6758499883538236,2.5,2.909090909090909,1.9738550848793073,0.0,0.22727272727272727,0.5284134548067253,1.65,2.5,2.5875158154566122,0.9,1.8863636363636365,2.128557628009534,23.0,34.31818181818182,31.38301992151073,55.5,75.18181818181819,60.815596655272536,51.0,74.18181818181819,75.04134502528231,0.1,0.16499999999999998,0.1669545133376439,0.11,0.13863636363636364,0.1549284152530253,0.095,0.1522727272727273,0.14182255238020633,0.095,0.12090909090909091,0.11939965266397157,0,0,0,0.225,0.41090909090909095,0.4100512057560511,0.14,0.13666666666666666,0.13035848009751164,15.0,14.671428571428573,4.998714120365642,459.5,700.4090909090909,551.782622751535,82.8,82.34545454545453,6.296614908612351,7044.5,11484.318181818182,9779.359723838013,0,0,0,0,0,0,0,0,0,10.0,17.136363636363637,17.313070907335426,39.5,56.95454545454545,52.282635989150606,9.0,17.863636363636363,17.81731489188845,1.5,3.0,3.625307868699863,0,0,0,0,0,0,0,0,0,0,0,0,19.0,24.09090909090909,20.3280455831208,12.0,14.272727272727273,12.329530243172933,0,0,0,10.5,10.318181818181818,7.167295854792788,10.0,13.181818181818182,10.839242477644714,1.5,4.318181818181818,6.792056730625461,7.5,8.863636363636363,7.272226714375824,6.0,9.272727272727273,8.647497949072944,738.5,983.7727272727273,662.5281975539701,24.0,73.5909090909091,163.87238330071972,120.5,246.1818181818182,327.21445368641446,291.0,427.95454545454544,385.05231274436403,223.5,316.90909090909093,232.4484395651583,37.0,52.5,48.60114637095948,0,0,0,0,0,0,406.5,578.1818181818181,402.19003283376196,0,0,0,19.0,21.363636363636363,17.956416692450095,4.5,11.772727272727273,14.582872596308762,15.0,19.318181818181817,15.285805315908094,13.5,15.681818181818182,13.357310691817755,528.5,693.6818181818181,483.47328545527495,14.0,16.636363636363637,11.0606357112809,0,0,0,1.5,3.409090909090909,3.7245529090475236,11.0,31.818181818181817,42.05057766845876,48.0,58.04545454545455,40.02793937658958,10.5,19.5,19.81521781719437,15.5,18.954545454545453,17.761588498048983,51.15,48.0,19.478021802363127
Aston Villa,1.0,2.0,3.370459909270543,0.0,1.5769230769230769,2.4194722882988664,2.0,2.3846153846153846,2.3164960276576876,0.0,0.038461538461538464,0.19611613513818402,0.8500000000000001,2.0384615384615383,3.0137122521006448,0.55,1.484615384615385,2.001537870277214,18.0,24.192307692307693,23.243096576436162,34.5,45.26923076923077,47.16232198889931,23.0,44.73076923076923,51.91574535133456,0.05,0.1892307692307692,0.2992246390513064,0.0,0.0926923076923077,0.11773046138727877,0.08499999999999999,0.20192307692307696,0.25399242871816835,0.055,0.09307692307692308,0.10806550719889231,0,0,0,0.22,0.5053846153846153,0.6851991288332512,0.06,0.08217391304347825,0.08420518887807388,16.3,16.852173913043476,4.668158052673783,488.5,501.53846153846155,418.04002016737405,82.1,81.31153846153846,7.186227211719759,7160.0,8587.73076923077,7805.291474673793,0,0,0,0,0,0,0,0,0,8.0,12.5,14.838463532320318,23.5,38.96153846153846,46.265737447256384,8.0,10.807692307692308,12.683908642904145,0.0,1.9615384615384615,3.778685160007584,0,0,0,0,0,0,0,0,0,0,0,0,11.5,21.846153846153847,20.59454744866671,6.5,12.653846153846153,12.544137460000373,0,0,0,5.5,8.076923076923077,8.25553427428208,10.5,11.115384615384615,9.06565793785282,3.0,3.730769230769231,4.200549414614163,6.0,7.384615384615385,6.394228166569742,6.0,8.26923076923077,8.525527278979018,693.0,736.5769230769231,560.7276110966482,31.5,89.6923076923077,192.9888637679945,144.0,248.34615384615384,298.37519230763036,256.0,313.11538461538464,296.84033781453314,118.5,182.3846153846154,168.26932624173116,20.0,32.57692307692308,38.14726525131056,0,0,0,0,0,0,411.5,416.0769230769231,310.6560700294682,0,0,0,13.0,15.153846153846153,13.104784798514801,2.0,7.1923076923076925,10.77411427735656,9.5,17.26923076923077,21.856912302166915,8.0,13.076923076923077,15.356882696493,483.5,492.15384615384613,377.40712153404763,8.5,13.76923076923077,13.782039594509058,0,0,0,0.5,1.8076923076923077,2.828699075818858,6.0,20.807692307692307,34.66874007606187,39.5,47.30769230769231,35.92299456422778,9.5,12.653846153846153,11.889297061449202,10.0,14.076923076923077,13.93103894739535,47.2,41.263999999999996,23.280962895321434
Bournemouth,1.0,2.260869565217391,3.4930761554349172,1.0,1.6521739130434783,1.991086858344044,3.0,3.782608695652174,3.1472429744017143,0.0,0.08695652173913043,0.2881040655200304,1.1,2.6391304347826092,3.5000959896492683,1.1,1.7739130434782604,1.8273720304167422,19.0,29.26086956521739,34.02167409608756,41.0,57.43478260869565,51.583847090270524,31.0,56.608695652173914,70.37738475238322,0.03,0.13434782608695653,0.18112843476777168,0.05,0.10130434782608697,0.11577031916004625,0.08,0.1817391304347826,0.20211725161205188,0.1,0.12913043478260872,0.14881083304524761,0,0,0,0.15,0.5434782608695652,0.6548810349677828,0.065,0.05800000000000001,0.05307393056165293,16.450000000000003,15.830000000000002,4.372413521157394,436.0,488.9130434782609,394.51787758126414,74.2,73.82173913043479,6.578750677317716,7088.0,8854.95652173913,7609.613456186141,0,0,0,0,0,0,0,0,0,11.0,17.434782608695652,16.255980960743265,37.0,47.34782608695652,47.008324887147936,7.0,12.956521739130435,13.656427926636416,2.0,3.9130434782608696,5.264918573817909,0,0,0,0,0,0,0,0,0,0,0,0,21.0,27.47826086956522,23.125879964028872,10.0,15.91304347826087,14.406163590877156,0,0,0,13.0,13.130434782608695,10.493739899344694,15.0,18.47826086956522,16.525103672394895,3.0,5.565217391304348,7.082796616107111,8.0,12.91304347826087,12.580334738566672,10.0,14.0,15.300029708824395,783.0,829.0869565217391,608.2685496213807,44.0,87.47826086956522,146.08150575658328,159.0,249.65217391304347,270.36097228699333,298.0,354.17391304347825,312.7164925984605,127.0,235.52173913043478,234.76174954916192,19.0,39.130434782608695,47.7772334027469,0,0,0,0,0,0,479.0,445.1304347826087,332.0133217956809,0,0,0,15.0,20.347826086956523,19.81645022714066,1.0,9.0,15.888818252297604,17.0,22.956521739130434,21.074496135181466,8.0,13.826086956521738,17.001743691090905,413.0,484.0,357.83973050413607,15.0,19.82608695652174,17.739663248605172,0,0,0,0.0,2.739130434782609,5.074153680479389,10.0,32.30434782608695,40.418756652426396,56.0,71.43478260869566,56.26384765868474,20.0,22.782608695652176,20.828207538072306,22.0,24.217391304347824,20.540329557724263,46.1,50.195454545454545,18.12318896759007
Brentford,0.0,2.761904761904762,5.2906026301808184,2.0,1.8571428571428572,2.455314934702151,2.0,2.5238095238095237,1.8873009198071093,0.0,0.047619047619047616,0.21821789023599242,0.8,2.480952380952381,3.9303459195876194,1.2,1.795238095238095,2.241088171062484,12.0,25.285714285714285,31.87968452971713,51.0,56.714285714285715,53.19693868743094,27.0,56.04761904761905,74.6963695171835,0.0,0.1123809523809524,0.18931203770243354,0.07,0.0838095238095238,0.09672001811808094,0.07,0.11952380952380952,0.1558356888031811,0.06,0.09047619047619049,0.07933953557188185,0,0,0,0.18,0.3114285714285715,0.3705170132974424,0.05,0.07722222222222222,0.08470054903326157,15.3,15.988888888888892,4.26695771066168,483.0,565.8095238095239,435.5859982882392,77.2,76.44285714285714,8.036203794614183,7530.0,10385.42857142857,9215.522782628386,0,0,0,0,0,0,0,0,0,8.0,14.095238095238095,17.21889880888079,41.0,46.76190476190476,39.72266955015078,7.0,13.761904761904763,18.47134202461955,2.0,3.8095238095238093,5.2784377198092205,0,0,0,0,0,0,0,0,0,0,0,0,25.0,26.714285714285715,21.543311855754343,17.0,16.238095238095237,12.696081135156478,0,0,0,10.0,11.619047619047619,10.40901623822439,17.0,20.38095238095238,18.688167889004504,4.0,8.380952380952381,12.379322237005507,13.0,12.0,10.014988766843425,8.0,12.476190476190476,12.040012656218629,780.0,910.4761904761905,654.1051611971594,51.0,142.61904761904762,283.87540861978096,226.0,357.3333333333333,411.39218919825566,334.0,338.9047619047619,271.3587855150271,158.0,222.52380952380952,227.73726507702227,24.0,41.76190476190476,45.468565803096055,0,0,0,0,0,0,395.0,481.0,352.50049645355114,0,0,0,10.0,15.428571428571429,18.494786910292934,1.0,9.0,17.25688268488837,14.0,22.38095238095238,25.71667978273282,8.0,12.333333333333334,13.316656236958785,484.0,557.4761904761905,400.55506725637855,12.0,12.952380952380953,10.360869608658293,0,0,0,1.0,2.9523809523809526,4.477456761111049,13.0,28.571428571428573,44.22168181850553,50.0,69.0952380952381,54.548973190982025,12.0,26.761904761904763,31.19920633911184,14.0,23.61904761904762,23.688554600220314,55.1,53.98571428571429,19.473142676884123
Brighton,1.0,1.9285714285714286,2.9555794246559737,1.0,1.2857142857142858,1.5836465855538944,2.0,2.607142857142857,2.543536262681686,0.0,0.10714285714285714,0.314970394174356,0.75,1.8821428571428573,2.6435180783735586,0.9500000000000001,1.2928571428571427,1.3965376687785618,16.5,25.857142857142858,29.882131767024234,38.5,48.92857142857143,49.26416214610446,26.5,48.642857142857146,62.019240912689696,0.045,0.12249999999999998,0.14913640288898838,0.035,0.09035714285714283,0.12638806034963035,0.09,0.12964285714285714,0.11955107827811641,0.09,0.10178571428571427,0.07635460991339328,0,0,0,0.31,0.4560714285714286,0.649925005848762,0.055,0.08038461538461537,0.08879102518749377,16.5,17.557692307692307,3.912050416538425,333.0,506.0357142857143,475.9446343573431,80.7,79.44642857142857,8.25996512156824,4728.0,8611.857142857143,9051.475900583064,0,0,0,0,0,0,0,0,0,9.0,11.714285714285714,9.988353005736018,21.5,37.92857142857143,47.644461472396856,7.5,10.785714285714286,10.386448232110286,1.0,2.8214285714285716,3.7717622507510304,0,0,0,0,0,0,0,0,0,0,0,0,16.5,22.107142857142858,19.23796263509227,10.0,13.464285714285714,11.714132467703251,0,0,0,9.0,11.607142857142858,9.121968946467504,12.0,14.0,12.058499384558901,2.0,3.892857142857143,5.328743064316636,9.0,10.107142857142858,9.753780978996986,8.5,10.0,9.564595207403263,630.0,757.3928571428571,610.2353728828411,22.5,83.03571428571429,190.60089816407577,118.0,241.46428571428572,318.66544422625327,227.0,328.7857142857143,319.4130446955684,147.0,195.60714285714286,177.30833977705998,17.0,34.0,41.84096875870188,0,0,0,0,0,0,367.5,445.2857142857143,381.5798404045667,0,0,0,15.5,18.321428571428573,18.441205012906348,2.5,8.285714285714286,14.771988363508829,10.0,18.357142857142858,18.911517724537674,7.0,11.142857142857142,12.026865869606373,408.0,500.2857142857143,419.44556501479667,10.5,14.071428571428571,12.250256449102732,0,0,0,1.0,1.4285714285714286,1.7935805576921313,10.0,22.178571428571427,27.224789318544843,39.0,52.107142857142854,43.578230451822726,11.5,16.714285714285715,17.75524365500731,10.5,15.0,14.404217489384195,53.8,50.170370370370364,19.868661346545313
Chelsea,1.0,2.1923076923076925,3.4758507536340595,1.0,1.6923076923076923,2.2048896710580466,2.5,3.6153846153846154,3.2505620815720238,0.0,0.038461538461538464,0.19611613513818402,0.75,2.4461538461538463,3.9643643393846406,1.05,1.876923076923077,2.3167749467408685,11.0,30.115384615384617,38.78590148296355,33.0,56.53846153846154,61.782347491322,11.5,55.80769230769231,74.49994321112962,0.05,0.14615384615384613,0.2058169463008704,0.065,0.1323076923076923,0.18394146226031136,0.08499999999999999,0.155,0.1757782694191748,0.1,0.15307692307692308,0.1694171002176399,0,0,0,0.28,0.45692307692307693,0.48999403450057827,0.08,0.09391304347826088,0.11846515139424614,15.0,15.108695652173916,4.581872686168065,492.5,636.4615384615385,575.7149454908553,84.7,84.07692307692308,6.4065159138057375,7569.5,11007.26923076923,10339.84938597344,0,0,0,0,0,0,0,0,0,6.5,16.26923076923077,20.954345978450753,27.0,52.76923076923077,57.37128737778694,4.0,12.653846153846153,16.88772881755817,0.0,2.6923076923076925,5.349910135837654,0,0,0,0,0,0,0,0,0,0,0,0,11.0,20.0,23.23445717033217,8.5,12.5,14.409024949662625,0,0,0,5.5,9.346153846153847,11.534096610284857,9.0,12.0,12.96148139681572,1.5,3.576923076923077,5.485785828288064,5.5,8.423076923076923,9.495991056959046,7.0,9.384615384615385,11.005732771885471,713.5,882.9615384615385,749.4059770655278,19.5,81.96153846153847,174.11363663291414,123.5,263.61538461538464,324.62976781842747,254.5,398.9230769230769,405.23700947242446,91.5,227.73076923076923,254.26687675626295,11.5,39.5,49.92894951829049,0,0,0,0,0,0,399.0,513.7307692307693,414.7699659032518,0,0,0,9.5,17.0,18.874321179846444,1.0,10.923076923076923,20.2483047723469,6.0,15.961538461538462,19.0881759615334,5.5,10.615384615384615,11.768014014529125,495.5,631.2307692307693,529.269255309039,7.0,15.076923076923077,15.836472023586758,0,0,0,1.0,2.1153846153846154,3.871195402734644,3.0,23.46153846153846,40.12802588638596,37.5,54.0,49.51928917098871,9.0,13.961538461538462,16.39629414039836,8.5,13.692307692307692,14.600737599913863,42.1,46.815999999999995,26.263864275210278
Crystal Palace,0.0,1.894736842105263,3.510218999848953,1.0,1.6842105263157894,2.135744251723958,3.0,3.789473684210526,3.2588162023863316,0.0,0.21052631578947367,0.41885390829169555,1.0,2.615789473684211,3.4729531394437108,1.5,2.0578947368421057,2.139136842922523,14.0,22.63157894736842,22.45541391368878,59.0,51.78947368421053,38.63300107330292,12.0,52.578947368421055,64.5792500123975,0.0,0.08157894736842106,0.1328433981086476,0.04,0.06842105263157894,0.08288299369155806,0.07,0.13263157894736843,0.14184663491340677,0.12,0.10789473684210528,0.0753937034925052,0,0,0,0.31,0.48999999999999994,0.4860041152089147,0.0,0.05421052631578947,0.07403571131357896,17.7,18.157894736842106,5.90078297906997,521.0,538.2105263157895,382.87183509010316,75.6,74.68947368421053,6.493064225844041,9826.0,9643.052631578947,7499.754621716961,0,0,0,0,0,0,0,0,0,11.0,17.0,15.954797258365758,31.0,40.26315789473684,32.05350059798142,11.0,12.526315789473685,12.116877215284983,2.0,3.0526315789473686,4.209429681751916,0,0,0,0,0,0,0,0,0,0,0,0,30.0,34.94736842105263,29.607569760696386,14.0,20.31578947368421,18.508414397478028,0,0,0,15.0,14.842105263157896,9.912187548079592,19.0,21.57894736842105,18.050287130599227,3.0,6.052631578947368,6.9560020782257315,15.0,15.526315789473685,12.988749067526916,11.0,14.105263157894736,14.41023840053432,935.0,917.8421052631579,601.0019655318104,27.0,115.52631578947368,222.32318028318159,172.0,342.0,368.8180822272381,371.0,380.10526315789474,265.51457267745883,178.0,204.42105263157896,179.9071722952558,26.0,34.8421052631579,35.87518975233556,0,0,0,0,0,0,433.0,461.10526315789474,302.683717349543,0,0,0,17.0,16.05263157894737,13.906328232581048,1.0,5.578947368421052,7.812495614033856,16.0,22.789473684210527,20.641325720151315,15.0,15.473684210526315,14.388917112573642,518.0,534.2105263157895,338.95207444700765,12.0,18.736842105263158,16.254374130140263,0,0,0,1.0,3.3157894736842106,5.142984775172955,13.0,27.68421052631579,31.987936322548826,67.0,75.10526315789474,52.8665980840687,17.0,22.736842105263158,22.15812393097283,21.0,28.789473684210527,25.257735772912604,43.4,41.636842105263156,18.72948390243207
Everton,1.0,1.4090909090909092,1.9678146183760228,1.0,0.9090909090909091,1.1087999050492516,3.0,3.227272727272727,2.223935126276719,0.0,0.09090909090909091,0.29424494316824984,1.1,1.6727272727272726,1.9523323824599468,1.05,1.2818181818181817,1.1138249685682489,12.0,19.727272727272727,19.988524846549474,36.0,41.31818181818182,34.32392801868741,23.5,40.5,39.9043499240013,0.04,0.09045454545454545,0.12120338171956976,0.03,0.05818181818181818,0.07920055096227091,0.05,0.11318181818181819,0.1233804168931491,0.06,0.08272727272727273,0.07317180163227194,0,0,0,0.25,0.3704545454545455,0.38503527695805295,0.05,0.07952380952380952,0.10428212648753335,17.3,17.271428571428572,5.305293852101206,412.0,453.1818181818182,330.29159359047696,73.65,74.26818181818182,7.865196777342594,7161.5,8580.318181818182,7618.257333452402,0,0,0,0,0,0,0,0,0,9.0,12.090909090909092,9.942257532798315,34.5,40.13636363636363,34.02141546080512,8.0,10.545454545454545,10.154648350232671,1.5,3.6363636363636362,5.332250972422475,0,0,0,0,0,0,0,0,0,0,0,0,23.5,30.045454545454547,28.10605302155065,13.5,17.59090909090909,16.997644349141833,0,0,0,8.0,12.954545454545455,11.081848190052025,12.5,15.954545454545455,14.200862726063589,3.0,5.7727272727272725,9.314258491979448,7.5,10.181818181818182,8.409950815984166,9.5,13.545454545454545,12.715671892916697,689.5,780.2727272727273,501.7203909044864,31.0,99.5,214.042663748987,165.5,282.90909090909093,352.7385257275813,292.0,313.72727272727275,227.48337078275412,171.0,192.04545454545453,140.17726100250533,18.5,29.136363636363637,25.31947388031113,0,0,0,0,0,0,325.5,377.3181818181818,239.77020474248064,0,0,0,11.5,14.590909090909092,11.223525848303307,2.0,5.0,6.9350730418098765,12.5,20.90909090909091,19.464030539651464,11.0,15.909090909090908,13.70751997613368,404.0,448.8181818181818,269.48091837450266,15.0,17.772727272727273,13.630958524734433,0,0,0,1.0,3.5,6.307591797644667,7.5,27.363636363636363,35.5829620204275,55.0,61.95454545454545,46.654226851560644,10.0,24.727272727272727,28.795141485330007,14.5,22.636363636363637,22.77957617931227,50.6,48.35,18.378319266124937
Fulham,0.5,2.227272727272727,3.2649920612726087,1.0,1.9090909090909092,2.561790499391112,2.0,3.1818181818181817,2.9702711698615705,0.0,0.09090909090909091,0.29424494316824984,1.0,2.0772727272727276,2.670996214752237,0.95,1.5909090909090908,1.8204942005398246,22.0,32.18181818181818,35.314419506884505,51.0,63.86363636363637,48.530104014631945,38.0,62.77272727272727,70.34062148078469,0.015,0.16863636363636364,0.25471357311498793,0.09,0.10818181818181817,0.12385230696032248,0.095,0.14863636363636365,0.15387983730497096,0.085,0.10181818181818182,0.0820357856661965,0,0,0,0.265,0.5436363636363636,0.60930518941891,0.06,0.07476190476190477,0.09260772363140386,15.4,16.41904761904762,4.3086678971138,643.0,661.5,493.4484823787634,81.5,80.31818181818181,7.882568856336858,10959.5,11796.545454545454,9638.515992903396,0,0,0,0,0,0,0,0,0,9.5,16.0,16.52703413026237,44.5,54.77272727272727,46.87971621296136,7.0,13.409090909090908,18.332014907335488,2.5,4.2272727272727275,6.711268549322515,0,0,0,0,0,0,0,0,0,0,0,0,23.0,27.181818181818183,21.83626595419901,12.0,16.636363636363637,14.127128426391456,0,0,0,8.0,11.227272727272727,10.800933902222214,14.0,15.045454545454545,10.943479348897235,2.0,4.5,6.123724356957945,9.5,10.545454545454545,8.028089215387212,8.5,12.409090909090908,13.514222106144294,950.0,975.7727272727273,670.3984552074897,26.5,106.04545454545455,229.9006984957444,154.5,327.22727272727275,387.4811125127424,379.0,401.8636363636364,314.4248408117281,204.0,257.09090909090907,222.62950411815615,32.0,38.0,37.003217363333356,0,0,0,0,0,0,526.5,578.0,409.20864395283036,0,0,0,17.5,22.636363636363637,22.966944060551885,4.5,9.181818181818182,11.159605572635465,14.5,20.5,17.767680664354483,7.5,11.363636363636363,11.499670614518672,632.5,654.8181818181819,446.8200486148264,15.0,17.181818181818183,13.343935178971984,0,0,0,1.0,1.7727272727272727,3.1912352912285677,15.0,36.81818181818182,50.399013939367954,58.0,65.9090909090909,44.02262307031853,15.0,21.818181818181817,22.338598591070728,19.0,21.772727272727273,20.118534023517004,47.75,45.80909090909091,21.399174641202293
Ipswich Town,0.0,1.0689655172413792,2.328872113319459,0.0,0.7241379310344828,0.9962985684213461,2.0,2.8275862068965516,2.5504756631605767,0.0,0.1724137931034483,0.38442587221924474,0.5,1.0310344827586206,1.7507352431551766,0.3,0.6827586206896551,0.9702978060947655,9.0,14.689655172413794,18.128713310806667,18.0,27.310344827586206,25.726727969559295,14.0,26.620689655172413,35.53611220907488,0.0,0.08172413793103449,0.13640980708138362,0.0,0.05655172413793104,0.08792350011186532,0.04,0.08827586206896551,0.11323392240078063,0.03,0.05310344827586207,0.05555585659469615,0,0,0,0.07,0.2655172413793104,0.3562662147377251,0.07,0.07,0.07267611837335688,15.9,16.32608695652174,5.184786959005806,208.0,343.2413793103448,305.69810681833684,76.0,75.11724137931033,8.349040533648902,4206.0,6126.413793103448,5511.4966888524505,0,0,0,0,0,0,0,0,0,4.0,7.9655172413793105,11.159501904593263,17.0,25.79310344827586,28.194958149013637,4.0,4.758620689655173,5.997947103645387,0.0,1.4827586206896552,2.785430072655778,0,0,0,0,0,0,0,0,0,0,0,0,13.0,18.137931034482758,16.295757857121313,8.0,10.137931034482758,9.195201147225168,0,0,0,7.0,9.793103448275861,9.484496034298846,8.0,13.724137931034482,14.04558027007616,2.0,5.931034482758621,9.74654163750536,7.0,7.793103448275862,7.57052229913983,7.0,9.827586206896552,9.430455849901733,433.0,572.7586206896551,461.8475827101106,28.0,94.0,132.27190609822307,123.0,237.51724137931035,248.0844644024138,146.0,224.27586206896552,212.2027158422753,101.0,117.10344827586206,122.49791392614064,11.0,17.413793103448278,21.282986567711294,0,0,0,0,0,0,216.0,283.37931034482756,221.33449376018828,0,0,0,6.0,9.620689655172415,11.046698902850856,1.0,4.310344827586207,7.550323778657547,11.0,16.344827586206897,20.638514381177462,4.0,9.862068965517242,13.783333978631674,274.0,337.9310344827586,279.3069140152974,9.0,13.10344827586207,14.634462329881787,0,0,0,1.0,1.5517241379310345,2.810518595975683,6.0,14.862068965517242,29.07223041462055,37.0,43.3448275862069,35.92280996612137,7.0,16.517241379310345,21.891976171411642,12.0,16.20689655172414,18.054242299931353,53.8,53.2551724137931,26.421373736953633
Leicester City,0.0,1.0384615384615385,1.7995725988304943,0.0,0.8076923076923077,1.132050556087696,2.0,3.076923076923077,2.57562539082184,0.0,0.0,0.0,0.35,1.1307692307692307,2.084757871939901,0.4,0.8653846153846152,1.0563871667877485,14.0,20.346153846153847,22.200796936492726,28.5,37.96153846153846,34.587258658911686,19.5,37.46153846153846,40.218633262935,0.0,0.05846153846153846,0.0911127788048332,0.0,0.056538461538461544,0.08648432494700102,0.04,0.06615384615384615,0.08621261731681382,0.025,0.06538461538461539,0.07976118199880286,0,0,0,0.22,0.2703846153846154,0.264582399554177,0.0,0.05590909090909091,0.07122460054604535,17.35,17.927272727272726,5.818376620115485,404.0,483.84615384615387,361.55516229839037,77.6,77.9423076923077,8.378600029929729,6180.5,8105.576923076923,6262.134033526123,0,0,0,0,0,0,0,0,0,6.0,8.615384615384615,8.827579161137772,23.0,34.15384615384615,31.382405653731908,5.5,7.615384615384615,8.376523971562062,1.0,2.423076923076923,3.9816888569859588,0,0,0,0,0,0,0,0,0,0,0,0,21.5,25.384615384615383,21.936411599123357,12.0,14.846153846153847,13.165689674885423,0,0,0,10.0,12.692307692307692,11.821232527174923,15.0,17.26923076923077,13.689580540857175,3.5,6.615384615384615,8.114564304148058,9.0,10.653846153846153,8.347178242698824,9.0,11.307692307692308,11.606099192301368,740.5,754.4615384615385,511.96572000627003,33.0,99.11538461538461,166.40200165216208,147.5,275.96153846153845,278.98852747297417,320.0,343.5769230769231,271.3959724206567,100.5,142.23076923076923,132.36715837164675,15.5,21.76923076923077,23.94378030689004,0,0,0,0,0,0,437.5,428.4230769230769,280.59852787595634,0,0,0,8.0,12.846153846153847,12.078716182417095,2.5,4.8076923076923075,6.177502607165654,12.0,17.0,15.615377036754508,7.5,11.307692307692308,12.830492526070014,468.5,479.53846153846155,320.69539825438477,13.0,14.0,10.654576481493763,0,0,0,1.0,2.230769230769231,4.885142309556129,9.5,22.0,27.36274839996889,41.0,51.65384615384615,37.202088444271304,11.5,17.576923076923077,16.560611285633335,15.0,19.576923076923077,17.497824040544188,50.5,49.45416666666667,19.769453361989655
Liverpool,1.0,3.761904761904762,6.503112807761847,2.0,2.8095238095238093,3.9701265423037535,3.0,2.9523809523809526,2.290768222151479,0.0,0.09523809523809523,0.30079260375911915,1.7,3.628571428571428,5.487544337601553,1.2,2.6285714285714286,3.120599759203807,23.0,35.19047619047619,36.3972788098493,67.0,81.38095238095238,67.2699607480755,54.0,80.61904761904762,107.99003481362351,0.04,0.16904761904761906,0.24055986285963754,0.14,0.14761904761904765,0.1455645822961328,0.07,0.1895238095238095,0.21020171717843292,0.11,0.13666666666666666,0.1194710564669675,0,0,0,0.35,0.5071428571428571,0.4537085282110405,0.07500000000000001,0.07444444444444445,0.07056263152207591,14.65,15.47777777777778,3.9880048904854597,630.0,778.0952380952381,629.732554721598,83.7,82.85238095238094,7.468106791390912,11124.0,13238.142857142857,11217.987712980053,0,0,0,0,0,0,0,0,0,11.0,22.0,22.645087767549057,39.0,67.71428571428571,70.61454726693562,8.0,18.61904761904762,22.599726083464354,1.0,3.619047619047619,5.877722266968647,0,0,0,0,0,0,0,0,0,0,0,0,26.0,28.047619047619047,24.080025312437257,15.0,17.285714285714285,14.76869275576839,0,0,0,9.0,13.333333333333334,13.785257826146502,9.0,15.428571428571429,14.712482552483888,2.0,3.9523809523809526,4.565919299288922,8.0,11.476190476190476,12.74605447822599,7.0,12.904761904761905,15.747713363865758,801.0,1102.047619047619,814.8852358578156,27.0,97.71428571428571,150.7335871188445,160.0,301.3809523809524,321.09149415555623,280.0,497.5238095238095,465.1158585823127,195.0,312.8095238095238,282.09388845694957,42.0,55.80952380952381,72.3004972649698,0,0,0,0,0,0,510.0,632.7142857142857,454.4827986686782,0,0,0,17.0,23.761904761904763,21.271823527626314,5.0,13.714285714285714,25.809189946882984,19.0,22.571428571428573,24.782194068668396,11.0,14.476190476190476,15.832305731064718,570.0,769.6666666666666,567.9636725472267,15.0,18.523809523809526,16.460920532032976,0,0,0,1.0,2.619047619047619,4.3985928485845385,6.0,31.047619047619047,44.27016624147258,62.0,68.85714285714286,49.3186432439962,9.0,17.904761904761905,25.976729512979038,12.0,15.952380952380953,13.00183137283433,42.9,50.480952380952374,21.80703141300115
Manchester City,1.0,2.64,4.414748010928823,0.0,1.92,2.564501251055781,2.0,2.32,1.7492855684535902,0.0,0.04,0.2,1.3,2.5200000000000005,4.175424130153327,1.5,2.028,2.249355463238303,35.0,41.64,45.442161040161814,64.0,70.28,60.42179518462964,26.0,69.6,78.21764506810467,0.06,0.17839999999999998,0.24563998045920785,0.0,0.10200000000000001,0.1414213562373095,0.07,0.16079999999999997,0.2177904191342371,0.07,0.1164,0.12195900950729306,0,0,0,0.33,0.4635999999999999,0.5136704520734411,0.10500000000000001,0.13272727272727272,0.21026472697829138,17.85,17.027272727272727,4.839537740438185,676.0,793.52,591.8990707882552,87.7,86.50399999999998,6.956800030665441,10078.0,12871.28,9746.228939612149,0,0,0,0,0,0,0,0,0,9.0,17.24,16.845573107891976,42.0,62.0,64.94548996402034,11.0,15.88,16.20267467632016,1.0,2.32,3.171750305430741,0,0,0,0,0,0,0,0,0,0,0,0,15.0,18.44,17.058917511573434,7.0,11.2,10.88959748261309,0,0,0,6.0,8.84,8.547319267856247,11.0,12.44,9.600694419328914,1.0,3.28,4.817675788178361,9.0,9.16,7.098591409568521,5.0,8.2,8.582928793055823,892.0,1033.8,699.0405925266429,39.0,78.52,139.2913971978648,197.0,241.56,242.9104910592926,331.0,447.28,395.8674567747813,324.0,353.4,278.8552491885351,22.0,48.52,51.75995878411548,0,0,0,0,0,0,590.0,664.68,466.34525121773606,0,0,0,23.0,31.16,27.549470654321716,3.0,14.48,23.368639954719946,14.0,17.4,15.124483462254174,13.0,14.88,14.509537093466031,630.0,783.04,543.7994023534782,11.0,10.64,8.18474190185616,0,0,0,0.0,1.68,2.4617067250182343,8.0,23.6,32.247738938825876,46.0,53.0,35.29046141192641,5.0,11.12,13.488637193331776,8.0,11.96,11.11860302975753,47.3,45.18,20.939854345243187
Manchester Utd,0.0,1.2692307692307692,2.182799895687964,0.0,0.9230769230769231,2.0961503175693657,2.5,2.8076923076923075,2.4169274837153183,0.0,0.11538461538461539,0.43145549730400484,0.85,1.7153846153846155,2.364012234772453,0.55,1.25,1.7086251783232038,9.5,22.615384615384617,32.194505025643025,43.5,47.69230769230769,58.035002700624894,15.5,44.76923076923077,66.41464157386243,0.0,0.06153846153846154,0.0986992323249703,0.0,0.04076923076923077,0.0864371714911161,0.06,0.12346153846153846,0.15398551380418374,0.06,0.08923076923076924,0.09324904619021374,0,0,0,0.165,0.35461538461538455,0.4565718411749088,0.0,0.04318181818181818,0.055410705827902244,16.05,16.390909090909094,6.153273158471885,574.0,561.9615384615385,469.5700570325353,82.69999999999999,82.96923076923076,5.759706189087719,8340.0,9231.807692307691,8300.09949347226,0,0,0,0,0,0,0,0,0,6.5,13.038461538461538,17.754955971177782,24.5,37.92307692307692,41.14065928195423,5.0,10.5,15.313392831113555,1.0,2.1153846153846154,2.790368048511495,0,0,0,0,0,0,0,0,0,0,0,0,21.0,27.807692307692307,28.312568559944157,9.5,16.73076923076923,17.31255658141268,0,0,0,5.0,10.76923076923077,12.442853988720408,9.0,12.576923076923077,11.211326690175706,2.0,3.6923076923076925,4.986134621281145,7.0,8.884615384615385,8.723884103205053,7.0,12.884615384615385,12.977910226463804,796.0,824.6923076923077,669.3681659135439,22.5,85.5,195.38828009888414,153.0,292.38461538461536,326.10281531113185,321.5,349.38461538461536,311.6084821596584,103.0,190.53846153846155,225.18529805815137,18.0,31.153846153846153,38.311034763046855,0,0,0,0,0,0,488.5,501.96153846153845,404.82148962417807,0,0,0,10.5,15.653846153846153,18.61599808270791,1.0,7.384615384615385,15.882259091393573,9.5,16.73076923076923,18.270320615266044,4.5,12.192307692307692,14.116711318913426,551.0,552.6538461538462,442.9029638471788,12.0,13.76923076923077,11.504112976871157,0,0,0,1.0,2.1153846153846154,3.1790177486377527,6.0,20.53846153846154,37.013760434985,47.0,57.96153846153846,52.002677445862936,10.5,16.153846153846153,16.350394020187547,14.0,16.46153846153846,18.597270271157043,51.6,52.18,25.34431231394268
Newcastle Utd,0.0,2.739130434782609,5.011054972434337,1.0,2.0869565217391304,2.843062425021507,2.0,2.5652173913043477,3.0275415612569785,0.0,0.043478260869565216,0.20851441405707477,0.5,2.547826086956522,4.265279439339487,0.9,1.852173913043478,2.2405091883152144,14.0,29.08695652173913,32.3867439822337,56.0,61.17391304347826,60.89831478032052,22.0,60.73913043478261,69.35692755024176,0.0,0.16347826086956524,0.26055201357628405,0.04,0.10652173913043476,0.13161958598559623,0.11,0.14304347826086958,0.1634412539056797,0.08,0.0991304347826087,0.09258475446256409,0,0,0,0.28,0.3713043478260869,0.4169729045898011,0.05,0.08714285714285715,0.10863438024598186,14.7,15.619047619047619,3.6822030155355443,459.0,599.4347826086956,511.82923520243065,81.8,79.65217391304348,6.948895894327215,6537.0,10098.478260869566,9054.408031799985,0,0,0,0,0,0,0,0,0,8.0,15.521739130434783,16.18604776628594,26.0,44.17391304347826,47.285066039456176,8.0,14.91304347826087,17.984622328984436,0.0,2.782608695652174,4.522233174591453,0,0,0,0,0,0,0,0,0,0,0,0,22.0,23.82608695652174,21.355544679018358,14.0,14.565217391304348,13.34447821438625,0,0,0,9.0,11.217391304347826,10.68540432611926,17.0,16.73913043478261,13.938884105931045,3.0,5.608695652173913,7.190518570468543,9.0,11.130434782608695,10.096373551591713,6.0,10.782608695652174,11.508718125202977,747.0,898.1304347826087,713.8810255057036,26.0,90.0,142.3389041561148,122.0,294.4347826086956,333.71719465425383,225.0,376.1304347826087,343.4247706886177,127.0,236.30434782608697,222.77004751794223,31.0,41.69565217391305,45.77557385828534,0,0,0,0,0,0,471.0,512.1304347826087,417.9964445638075,0,0,0,13.0,17.82608695652174,16.859451554524767,4.0,10.434782608695652,15.582117042992008,11.0,18.608695652173914,17.343427181591363,7.0,17.652173913043477,20.141789880860713,538.0,595.0869565217391,490.9074077705006,9.0,15.391304347826088,16.521993965165954,0,0,0,2.0,3.0434782608695654,4.300932888968975,9.0,26.73913043478261,38.6302017871843,46.0,65.0,57.43929601999599,7.0,18.47826086956522,27.521676688512922,12.0,17.782608695652176,19.15714089917465,50.0,49.678260869565214,23.86284591199807
Nott'ham Forest,1.0,2.3636363636363638,4.169566090767885,1.0,1.7272727272727273,2.47235800655045,2.0,3.3636363636363638,2.9688133679726003,0.0,0.09090909090909091,0.29424494316824984,1.4,1.8863636363636365,2.542832214479687,1.1,1.3909090909090909,1.4198957342368121,12.5,25.59090909090909,33.337607951022875,34.0,44.27272727272727,41.716939368834694,17.5,43.90909090909091,55.97100362467379,0.05500000000000001,0.11863636363636365,0.1637156493827449,0.055,0.09363636363636361,0.11412380305721687,0.07,0.11272727272727275,0.1333517303325457,0.065,0.08772727272727272,0.08657129284346367,0,0,0,0.29000000000000004,0.4327272727272726,0.4213717035517603,0.06,0.079,0.08484661082459954,18.8,19.09,6.3040421451970845,380.0,427.8181818181818,331.24162327070695,76.69999999999999,73.71363636363635,8.562837505592766,5542.5,7300.727272727273,6130.44255515684,0,0,0,0,0,0,0,0,0,10.0,13.818181818181818,14.802304722853975,26.0,37.63636363636363,36.1985864687789,6.5,9.545454545454545,10.331308278041593,1.0,2.409090909090909,3.3332251064681504,0,0,0,0,0,0,0,0,0,0,0,0,20.5,28.136363636363637,25.208266698777802,13.0,17.045454545454547,15.764569293883198,0,0,0,7.0,13.181818181818182,13.61244655815777,11.0,17.636363636363637,17.769812429123547,3.0,6.545454545454546,9.874099224629834,7.5,11.090909090909092,10.32753642733874,11.0,13.045454545454545,10.98690680820226,807.5,759.5,548.6952272263286,33.0,101.36363636363636,172.1551198233305,148.0,262.22727272727275,282.09824898060265,239.0,302.22727272727275,254.77589252371465,125.5,204.77272727272728,200.94584245943383,21.0,31.772727272727273,31.297241348357144,0,0,0,0,0,0,361.0,349.45454545454544,266.30196381314187,0,0,0,10.5,16.09090909090909,17.473542151626706,2.0,7.7272727272727275,12.536354061694857,18.0,23.0,23.08782404315355,9.5,13.136363636363637,13.065022204145128,434.5,424.45454545454544,322.0633961952696,12.0,16.272727272727273,13.579332398843045,0,0,0,1.0,3.727272727272727,6.219644900151671,6.5,23.818181818181817,36.55346555602962,46.0,64.22727272727273,52.790630317800236,13.5,23.136363636363637,25.340153445142683,18.5,22.681818181818183,26.121303773405163,43.9,50.404545454545456,20.867438231727878
Southampton,0.0,0.8275862068965517,1.0713464664764274,0.0,0.5172413793103449,0.8289705171033532,2.0,2.7586206896551726,2.8617573573616952,0.0,0.10344827586206896,0.40925259281898757,0.5,1.0448275862068965,1.3623997228882971,0.5,0.7896551724137931,0.89576177779674,10.0,20.24137931034483,26.475939444297875,23.0,35.55172413793103,38.55847711769058,20.0,34.51724137931034,37.545801258173015,0.0,0.05379310344827586,0.07997382576744576,0.0,0.04344827586206897,0.09729468720148837,0.04,0.07724137931034482,0.0888777873472548,0.03,0.05379310344827587,0.05851823849410714,0,0,0,0.15,0.21793103448275863,0.28481045464289334,0.05,0.07120000000000001,0.09688137075826292,18.3,17.343999999999998,6.026060072717497,242.0,485.48275862068965,464.81552567271666,80.2,80.91724137931035,7.996788148354011,3918.0,8224.206896551725,8264.992193321481,0,0,0,0,0,0,0,0,0,5.0,8.586206896551724,8.942344057425844,13.0,31.482758620689655,38.75437366069167,5.0,6.758620689655173,7.557660127379718,1.0,1.793103448275862,2.5548177226681186,0,0,0,0,0,0,0,0,0,0,0,0,13.0,20.0,18.890662848538238,7.0,11.517241379310345,10.81209867844871,0,0,0,10.0,9.206896551724139,6.89398967188515,7.0,12.96551724137931,14.536856504909684,2.0,5.689655172413793,8.872523591225177,5.0,7.275862068965517,7.850825942555062,5.0,9.448275862068966,12.067033624408728,457.0,707.0,616.1692137716717,42.0,91.82758620689656,166.02841171780494,161.0,259.0,312.2409783667553,186.0,303.82758620689657,297.66208897308815,122.0,150.3448275862069,145.86448599937572,15.0,21.24137931034483,20.11334875224801,0,0,0,0,0,0,253.0,394.2413793103448,349.5897243476389,0,0,0,9.0,14.931034482758621,18.271623265292234,1.0,5.068965517241379,7.5020522643700565,9.0,14.551724137931034,14.65943432668277,5.0,10.96551724137931,13.655147534435214,338.0,480.2758620689655,421.5171489946189,12.0,14.344827586206897,12.989764822651074,0,0,0,0.0,1.4827586206896552,2.599734734478726,6.0,17.103448275862068,25.95510523355144,23.0,45.03448275862069,42.99375599069232,8.0,14.172413793103448,20.394447713457353,8.0,12.379310344827585,13.299875920751637,54.5,54.17241379310346,22.750382988169108
Tottenham,0.0,2.185185185185185,3.2703450422175178,1.0,1.6666666666666667,2.401922307076307,2.0,2.3703703703703702,2.3394303736026156,0.0,0.037037037037037035,0.19245008972987526,0.7,2.0740740740740744,2.9143666144692166,0.9,1.551851851851852,2.015014863539448,16.0,28.962962962962962,28.86371355376782,49.0,56.22222222222222,47.117964345911254,31.0,55.851851851851855,69.12068804395335,0.0,0.1366666666666667,0.21244003678866474,0.05,0.11703703703703704,0.1580363837079885,0.07,0.14444444444444443,0.18267948672961307,0.08,0.10740740740740742,0.11109914465476295,0,0,0,0.3,0.4118518518518518,0.4169212897218872,0.055,0.07375000000000001,0.0863165307357801,17.0,16.366666666666667,5.107170293400945,693.0,570.5555555555555,370.15530351184856,84.8,80.93703703703704,8.247617285203702,10536.0,9466.222222222223,6381.720598308249,0,0,0,0,0,0,0,0,0,7.0,13.37037037037037,17.591842839024412,37.0,44.592592592592595,39.436667103733704,8.0,13.185185185185185,16.654953148762214,1.0,3.0,5.08391127441794,0,0,0,0,0,0,0,0,0,0,0,0,13.0,22.333333333333332,20.613662385007594,9.0,14.185185185185185,13.997354247354247,0,0,0,9.0,10.0,8.539500976232564,15.0,14.555555555555555,11.991449945476642,4.0,5.074074074074074,5.150996363109135,9.0,9.481481481481481,8.945864409239055,10.0,10.481481481481481,10.68561351455012,885.0,828.3333333333334,513.7139281740374,55.0,83.74074074074075,114.26036145326252,228.0,266.81481481481484,223.90658028552153,393.0,350.44444444444446,257.7949891100609,152.0,219.22222222222223,227.11270217048516,24.0,35.51851851851852,42.22683285667318,0,0,0,0,0,0,564.0,519.0370370370371,309.7931669159381,0,0,0,18.0,19.48148148148148,16.955530911476306,4.0,8.666666666666666,11.906688488796153,15.0,17.88888888888889,17.828959444448657,10.0,14.296296296296296,16.17884377064646,629.0,566.0370370370371,338.99585673454897,10.0,14.518518518518519,12.819367470206256,0,0,0,1.0,2.037037037037037,3.2043417838623687,12.0,26.444444444444443,42.56789448663912,57.0,56.22222222222222,40.60535521079543,9.0,13.703703703703704,13.55278800387812,11.0,14.222222222222221,13.784978818469073,50.0,50.114814814814814,23.220526458348203
West Ham,0.0,1.565217391304348,2.5374662909811456,1.0,0.9565217391304348,1.521908516829063,2.0,3.0434782608695654,2.6194770621349943,0.0,0.13043478260869565,0.34435022157509093,1.4,1.839130434782609,2.2384530231297894,1.1,1.2739130434782608,1.4216563295563343,15.0,23.869565217391305,30.172691367324624,31.0,45.52173913043478,40.88772828258709,25.0,46.69565217391305,56.900578989392216,0.0,0.09391304347826088,0.1345949860755587,0.03,0.0773913043478261,0.14454371441018826,0.07,0.13478260869565215,0.16169189458567043,0.07,0.09956521739130433,0.10372508510785812,0,0,0,0.23,0.3878260869565218,0.42653952733532996,0.04,0.05238095238095238,0.06587144767687757,15.6,17.6,5.845425561924469,510.0,540.2608695652174,401.5972900795142,79.9,78.21739130434781,7.921699322626603,8497.0,9530.95652173913,7262.080170799179,0,0,0,0,0,0,0,0,0,9.0,12.347826086956522,12.474004590099925,37.0,39.26086956521739,33.140496226196994,5.0,10.434782608695652,12.463860801812434,1.0,2.739130434782609,3.557545007756534,0,0,0,0,0,0,0,0,0,0,0,0,17.0,23.82608695652174,20.204977275893377,11.0,14.043478260869565,11.891472348893803,0,0,0,7.0,9.434782608695652,7.52466300638665,19.0,17.434782608695652,13.303540495797357,4.0,6.6521739130434785,8.48318494891337,11.0,10.782608695652174,7.804174417574286,8.0,12.782608695652174,14.917824974716812,738.0,845.1739130434783,583.2413855634665,42.0,113.8695652173913,178.42806147725096,196.0,316.4782608695652,312.03858583736627,366.0,355.0,283.14821046743185,116.0,182.2173913043478,183.99677776865826,24.0,32.08695652173913,39.06511236324003,0,0,0,0,0,0,338.0,432.17391304347825,311.9914993267828,0,0,0,10.0,15.043478260869565,16.831999451449516,2.0,6.869565217391305,13.434366878968847,12.0,18.652173913043477,19.48801192260648,6.0,15.130434782608695,22.766211701926103,481.0,538.4782608695652,383.35408146862886,15.0,16.47826086956522,13.783618621120148,0,0,0,1.0,2.9130434782608696,4.209437918408206,11.0,21.91304347826087,27.217830124384307,46.0,58.130434782608695,47.5502646468365,11.0,22.304347826086957,27.034380102193605,18.0,21.043478260869566,18.784612321766225,50.0,51.65217391304347,16.86192239566623
Wolves,1.0,2.1739130434782608,3.938760463914359,1.0,1.6956521739130435,2.2245486285515352,2.0,3.217391304347826,2.74617952368096,0.0,0.08695652173913043,0.28810406552003043,0.8,1.7608695652173914,2.4798715381748715,0.9,1.4000000000000004,1.7794278958034901,12.0,23.565217391304348,27.78951091681981,31.0,45.91304347826087,41.09845500688036,28.0,45.26086956521739,47.76192606069889,0.07,0.12217391304347829,0.1670045323755978,0.04,0.10043478260869568,0.13026121521666884,0.08,0.11130434782608696,0.11721403685046689,0.07,0.07956521739130436,0.07606685222818897,0,0,0,0.23,0.3495652173913043,0.40170634073875816,0.07,0.0980952380952381,0.11775478961040386,18.1,18.047619047619044,5.670856994107597,484.0,563.5652173913044,411.40102378523744,80.4,77.84347826086957,8.718362340327063,9479.0,9615.91304347826,6491.217324641906,0,0,0,0,0,0,0,0,0,10.0,12.391304347826088,12.478123148625079,26.0,39.26086956521739,33.254141767064624,4.0,10.826086956521738,12.680164086667892,1.0,2.782608695652174,3.4896798725167066,0,0,0,0,0,0,0,0,0,0,0,0,21.0,32.08695652173913,28.195604176212647,13.0,18.91304347826087,17.58075663765838,0,0,0,8.0,12.217391304347826,13.300569098347669,16.0,18.043478260869566,12.607639317888202,4.0,5.869565217391305,6.047571622531168,10.0,12.173913043478262,10.443145528888767,9.0,12.08695652173913,9.829977543108821,756.0,875.8260869565217,572.2617529015827,59.0,103.43478260869566,151.45261067618614,304.0,311.0869565217391,256.91189028067373,329.0,393.6521739130435,316.27600269609917,124.0,181.7391304347826,186.292345373244,23.0,28.304347826086957,31.848269230280426,0,0,0,0,0,0,390.0,480.60869565217394,307.3460796044442,0,0,0,13.0,17.91304347826087,21.833904084907324,3.0,5.695652173913044,8.688732424597102,16.0,23.043478260869566,22.740588984276084,11.0,14.434782608695652,15.287624486838785,482.0,559.2173913043479,370.7579407010528,15.0,19.782608695652176,17.503133542153716,0,0,0,1.0,2.5217391304347827,3.3148366916773013,10.0,21.652173913043477,30.692919964844975,43.0,65.6086956521739,50.694933519879285,10.0,17.73913043478261,17.532352928500107,16.0,19.043478260869566,19.67111001367133,40.7,46.15652173913044,23.201701075703998
